Date + Time:,2025-01-26 21:38:15.148144,Traffic detected:,False,Train distance:,100.0,cm
Date + Time:,2025-01-26 21:38:15.148144,Traffic detected:,False,Train distance:,100.0,cm
Date + Time:,2025-01-26 21:38:15.148144,Traffic detected:,False,Train distance:,100.0,cm
Date + Time:,2025-01-26 21:38:15.148144,Traffic detected:,False,Train distance:,100.0,cm
Date + Time:,2025-01-27 18:27:58.982674,Traffic detected:,False,Train distance:,3.2540018220926754,cm
Date + Time:,2025-01-27 18:27:58.982674,Traffic detected:,False,Train distance:,3.265741313844501,cm
Date + Time:,2025-01-27 18:27:58.982674,Traffic detected:,False,Train distance:,3.4024102833599272,cm
Date + Time:,2025-01-27 18:27:58.982674,Traffic detected:,False,Train distance:,3.3928848176327615,cm
Date + Time:,2025-01-27 18:27:58.982674,Traffic detected:,False,Train distance:,3.397021100792074,cm
Date + Time:,2025-01-27 18:27:58.982674,Traffic detected:,False,Train distance:,3.4008312874731814,cm
Date + Time:,2025-01-27 18:27:58.982674,Traffic detected:,False,Train distance:,3.3995440614520476,cm
Date + Time:,2025-01-27 18:27:58.982674,Traffic detected:,False,Train distance:,3.3836682875165134,cm
Date + Time:,2025-01-27 18:27:58.982674,Traffic detected:,False,Train distance:,3.382707158949188,cm
Date + Time:,2025-01-27 18:27:58.982674,Traffic detected:,False,Train distance:,3.3843033186300318,cm
Date + Time:,2025-01-27 18:27:58.982674,Traffic detected:,False,Train distance:,3.397021100792074,cm
Date + Time:,2025-01-27 18:27:58.982674,Traffic detected:,False,Train distance:,3.398600097654423,cm
Date + Time:,2025-01-27 18:27:58.982674,Traffic detected:,False,Train distance:,3.374760690084372,cm
Date + Time:,2025-01-27 18:27:58.982674,Traffic detected:,False,Train distance:,3.287675628073998,cm
Date + Time:,2025-01-27 18:27:58.982674,Traffic detected:,False,Train distance:,3.251753469455423,cm
Date + Time:,2025-01-27 18:27:58.982674,Traffic detected:,False,Train distance:,3.2705126281173307,cm
Date + Time:,2025-01-27 18:27:58.982674,Traffic detected:,False,Train distance:,3.320731565760297,cm
Date + Time:,2025-01-27 18:27:58.982674,Traffic detected:,False,Train distance:,3.323597786692573,cm
Date + Time:,2025-01-27 18:27:58.982674,Traffic detected:,False,Train distance:,3.2247389072933856,cm
Date + Time:,2025-01-27 18:27:58.982674,Traffic detected:,False,Train distance:,3.2463642868875695,cm
Date + Time:,2025-01-27 18:27:58.982674,Traffic detected:,False,Train distance:,3.327390809579583,cm
Date + Time:,2025-01-27 18:27:58.982674,Traffic detected:,False,Train distance:,3.3941548798597974,cm
Date + Time:,2025-01-27 18:27:58.982674,Traffic detected:,False,Train distance:,3.387478473222018,cm
Date + Time:,2025-01-27 18:27:58.982674,Traffic detected:,False,Train distance:,3.3966950043138695,cm
Date + Time:,2025-01-27 18:27:58.982674,Traffic detected:,False,Train distance:,3.3915975925872317,cm
Date + Time:,2025-01-27 18:27:58.982674,Traffic detected:,False,Train distance:,3.37062440692506,cm
Date + Time:,2025-01-27 18:27:58.982674,Traffic detected:,False,Train distance:,3.3986000966788192,cm
Date + Time:,2025-01-27 18:27:58.982674,Traffic detected:,False,Train distance:,3.3833421900627054,cm
Date + Time:,2025-01-27 18:27:58.982674,Traffic detected:,False,Train distance:,3.3833421890871027,cm
Date + Time:,2025-01-27 18:27:58.982674,Traffic detected:,False,Train distance:,3.378588039583974,cm
Date + Time:,2025-01-27 18:27:58.982674,Traffic detected:,False,Train distance:,3.381763192224753,cm
Date + Time:,2025-01-27 18:27:58.982674,Traffic detected:,False,Train distance:,3.3922497874948476,cm
Date + Time:,2025-01-27 18:27:58.982674,Traffic detected:,False,Train distance:,3.399235126816734,cm
Date + Time:,2025-01-27 18:27:58.982674,Traffic detected:,False,Train distance:,3.3725466630841083,cm
Date + Time:,2025-01-27 18:27:58.982674,Traffic detected:,False,Train distance:,3.3947899119489193,cm
Date + Time:,2025-01-27 18:27:58.982674,Traffic detected:,False,Train distance:,3.390962562449317,cm
Date + Time:,2025-01-27 18:27:58.982674,Traffic detected:,False,Train distance:,3.3903446951298974,cm
Date + Time:,2025-01-27 18:27:58.982674,Traffic detected:,False,Train distance:,3.3919236900410397,cm
Date + Time:,2025-01-27 18:27:58.982674,Traffic detected:,False,Train distance:,3.377626910041044,cm
Date + Time:,2025-01-27 18:27:58.982674,Traffic detected:,False,Train distance:,3.3912886579519177,cm
Date + Time:,2025-01-27 18:27:58.982674,Traffic detected:,False,Train distance:,3.3973300344517834,cm
Date + Time:,2025-01-27 18:27:58.982674,Traffic detected:,False,Train distance:,3.3954249401356265,cm
Date + Time:,2025-01-27 18:27:58.982674,Traffic detected:,False,Train distance:,3.384938350719153,cm
Date + Time:,2025-01-27 18:27:58.982674,Traffic detected:,False,Train distance:,3.387478473222018,cm
Date + Time:,2025-01-27 18:27:58.982674,Traffic detected:,False,Train distance:,3.396059974175955,cm
Date + Time:,2025-01-27 18:27:58.982674,Traffic detected:,False,Train distance:,3.4017752512708057,cm
Date + Time:,2025-01-27 18:27:58.982674,Traffic detected:,False,Train distance:,3.3928676548142676,cm
Date + Time:,2025-01-27 18:27:58.982674,Traffic detected:,False,Train distance:,3.3878045706758257,cm
Date + Time:,2025-01-27 18:27:58.982674,Traffic detected:,False,Train distance:,3.382072126860066,cm
Date + Time:,2025-01-27 18:27:58.982674,Traffic detected:,False,Train distance:,3.3795320024059947,cm
Date + Time:,2025-01-27 18:27:58.982674,Traffic detected:,False,Train distance:,3.352517441219561,cm
Date + Time:,2025-01-27 18:27:58.982674,Traffic detected:,False,Train distance:,3.4078166277706714,cm
Date + Time:,2025-01-27 18:27:58.982674,Traffic detected:,False,Train distance:,3.3935198497218835,cm
Date + Time:,2025-01-27 18:27:58.982674,Traffic detected:,False,Train distance:,3.4055854379519133,cm
Date + Time:,2025-01-27 18:27:58.982674,Traffic detected:,False,Train distance:,3.405276505267807,cm
Date + Time:,2025-01-27 18:27:58.982674,Traffic detected:,False,Train distance:,3.398926194132627,cm
Date + Time:,2025-01-27 18:27:58.982674,Traffic detected:,False,Train distance:,3.396386069678556,cm
Date + Time:,2025-01-27 18:27:58.982674,Traffic detected:,False,Train distance:,3.3973300344517834,cm
Date + Time:,2025-01-27 18:27:58.982674,Traffic detected:,False,Train distance:,3.4011402211328914,cm
Date + Time:,2025-01-27 18:27:58.982674,Traffic detected:,False,Train distance:,3.409086689997707,cm
Date + Time:,2025-01-27 18:27:58.982674,Traffic detected:,False,Train distance:,3.305164725484474,cm
Date + Time:,2025-01-27 18:27:58.982674,Traffic detected:,False,Train distance:,3.3337582835332564,cm
Date + Time:,2025-01-27 18:27:58.982674,Traffic detected:,False,Train distance:,3.3299480968521493,cm
Date + Time:,2025-01-27 18:27:58.982674,Traffic detected:,False,Train distance:,3.3941548818110046,cm
Date + Time:,2025-01-27 18:27:58.982674,Traffic detected:,False,Train distance:,3.4056026007704077,cm
Date + Time:,2025-01-27 18:27:58.982674,Traffic detected:,False,Train distance:,3.407181597632757,cm
Date + Time:,2025-01-27 18:27:58.982674,Traffic detected:,False,Train distance:,3.3912886579519177,cm
Date + Time:,2025-01-27 18:27:58.982674,Traffic detected:,False,Train distance:,3.405911535405721,cm
Date + Time:,2025-01-27 18:27:58.982674,Traffic detected:,False,Train distance:,3.3950988446330257,cm
Date + Time:,2025-01-27 18:27:58.982674,Traffic detected:,False,Train distance:,3.331544256532993,cm
Date + Time:,2025-01-27 18:27:58.982674,Traffic detected:,False,Train distance:,3.322945594711769,cm
Date + Time:,2025-01-27 18:27:58.982674,Traffic detected:,False,Train distance:,3.3156341559848665,cm
Date + Time:,2025-01-27 18:27:58.982674,Traffic detected:,False,Train distance:,3.1239920973721382,cm
Date + Time:,2025-01-27 18:27:58.982674,Traffic detected:,False,Train distance:,3.112235441826215,cm
Date + Time:,2025-01-27 18:27:58.982674,Traffic detected:,False,Train distance:,3.1446563493746,cm
Date + Time:,2025-01-27 18:27:58.982674,Traffic detected:,False,Train distance:,3.1214519729180665,cm
Date + Time:,2025-01-27 18:27:58.982674,Traffic detected:,False,Train distance:,3.305147562665979,cm
Date + Time:,2025-01-27 18:27:58.982674,Traffic detected:,False,Train distance:,3.3506123488546105,cm
Date + Time:,2025-01-27 18:27:58.982674,Traffic detected:,False,Train distance:,3.3502862533520097,cm
Date + Time:,2025-01-27 18:27:58.982674,Traffic detected:,False,Train distance:,3.3067608851653176,cm
Date + Time:,2025-01-27 18:27:58.982674,Traffic detected:,False,Train distance:,3.339816822851617,cm
Date + Time:,2025-01-27 18:27:58.982674,Traffic detected:,False,Train distance:,3.3509384463084184,cm
Date + Time:,2025-01-27 18:27:58.982674,Traffic detected:,False,Train distance:,3.303894663257438,cm
Date + Time:,2025-01-27 18:27:58.982674,Traffic detected:,False,Train distance:,3.2956220988900213,cm
Date + Time:,2025-01-27 18:27:58.982674,Traffic detected:,False,Train distance:,3.110965379599179,cm
Date + Time:,2025-01-27 18:27:58.982674,Traffic detected:,False,Train distance:,3.322327725441141,cm
Date + Time:,2025-01-27 18:27:58.982674,Traffic detected:,False,Train distance:,3.344262039670639,cm
Date + Time:,2025-01-27 18:27:58.982674,Traffic detected:,False,Train distance:,3.247943283749919,cm
Date + Time:,2025-01-27 18:27:58.982674,Traffic detected:,False,Train distance:,3.257176977660265,cm
Date + Time:,2025-01-27 18:27:58.982674,Traffic detected:,False,Train distance:,3.2517706332495204,cm
Date + Time:,2025-01-27 18:27:58.982674,Traffic detected:,False,Train distance:,3.1675346283773247,cm
Date + Time:,2025-01-27 18:27:58.982674,Traffic detected:,False,Train distance:,3.2851355055711338,cm
Date + Time:,2025-01-27 18:27:58.982674,Traffic detected:,False,Train distance:,3.28544443825524,cm
Date + Time:,2025-01-27 18:27:58.982674,Traffic detected:,False,Train distance:,3.242536937387967,cm
Date + Time:,2025-01-27 18:27:58.982674,Traffic detected:,False,Train distance:,3.317865345803625,cm
Date + Time:,2025-01-27 18:31:09.394527,Traffic detected:,False,Train distance:,3.323546297261487,cm
Date + Time:,2025-01-27 18:31:09.394527,Traffic detected:,False,Train distance:,3.231054890840369,cm
Date + Time:,2025-01-27 18:31:09.394527,Traffic detected:,False,Train distance:,3.2577605193426957,cm
Date + Time:,2025-01-27 18:31:09.394527,Traffic detected:,False,Train distance:,3.3747092016288884,cm
Date + Time:,2025-01-27 18:31:09.394527,Traffic detected:,False,Train distance:,3.3356118874427234,cm
Date + Time:,2025-01-27 18:31:09.394527,Traffic detected:,False,Train distance:,3.3708990149477813,cm
Date + Time:,2025-01-27 18:31:09.394527,Traffic detected:,False,Train distance:,3.3826556704937047,cm
Date + Time:,2025-01-27 18:31:09.394527,Traffic detected:,False,Train distance:,3.3798066133555267,cm
Date + Time:,2025-01-27 18:31:09.394527,Traffic detected:,False,Train distance:,3.381059510812861,cm
Date + Time:,2025-01-27 18:31:09.394527,Traffic detected:,False,Train distance:,3.3629525460829655,cm
Date + Time:,2025-01-27 18:31:09.394527,Traffic detected:,False,Train distance:,3.3181571156692367,cm
Date + Time:,2025-01-27 18:31:09.394527,Traffic detected:,False,Train distance:,3.3950473561775425,cm
Date + Time:,2025-01-27 18:31:09.394527,Traffic detected:,False,Train distance:,3.3181399528507427,cm
Date + Time:,2025-01-27 18:31:09.394527,Traffic detected:,False,Train distance:,3.397913578085422,cm
Date + Time:,2025-01-27 18:31:09.394527,Traffic detected:,False,Train distance:,3.3616996486256308,cm
Date + Time:,2025-01-27 18:31:09.394527,Traffic detected:,False,Train distance:,3.375035299082697,cm
Date + Time:,2025-01-27 18:31:09.394527,Traffic detected:,False,Train distance:,3.4039549526340807,cm
Date + Time:,2025-01-27 18:31:09.394527,Traffic detected:,False,Train distance:,3.394412324088421,cm
Date + Time:,2025-01-27 18:31:09.394527,Traffic detected:,False,Train distance:,3.411901423450104,cm
Date + Time:,2025-01-27 18:31:09.394527,Traffic detected:,False,Train distance:,3.402684890407045,cm
Date + Time:,2025-01-27 18:31:09.394527,Traffic detected:,False,Train distance:,3.234556142886163,cm
Date + Time:,2025-01-27 18:31:09.394527,Traffic detected:,False,Train distance:,3.284122887572721,cm
Date + Time:,2025-01-27 18:32:42.944486,Traffic detected:,False,Train distance:,3.268899305617992,cm
Date + Time:,2025-01-27 18:32:42.944486,Traffic detected:,False,Train distance:,3.2437726739780146,cm
Date + Time:,2025-01-27 18:32:42.944486,Traffic detected:,False,Train distance:,3.355023240036644,cm
Date + Time:,2025-01-27 18:32:42.944486,Traffic detected:,False,Train distance:,3.3330889277583533,cm
Date + Time:,2025-01-27 18:32:42.944486,Traffic detected:,False,Train distance:,3.385539053268872,cm
Date + Time:,2025-01-27 18:32:42.944486,Traffic detected:,False,Train distance:,3.397295708814795,cm
Date + Time:,2025-01-27 18:32:42.944486,Traffic detected:,False,Train distance:,3.3063832992560265,cm
Date + Time:,2025-01-27 18:32:42.944486,Traffic detected:,False,Train distance:,3.393485522133687,cm
Date + Time:,2025-01-27 18:32:42.944486,Traffic detected:,False,Train distance:,3.4103224265877543,cm
Date + Time:,2025-01-27 18:32:42.944486,Traffic detected:,False,Train distance:,3.4103224265877543,cm
Date + Time:,2025-01-27 18:32:42.944486,Traffic detected:,False,Train distance:,3.4045899827719945,cm
Date + Time:,2025-01-27 18:32:42.944486,Traffic detected:,False,Train distance:,3.414767643406776,cm
Date + Time:,2025-01-27 18:32:42.944486,Traffic detected:,False,Train distance:,3.4017409275850237,cm
Date + Time:,2025-01-27 18:32:42.944486,Traffic detected:,False,Train distance:,3.410322424636547,cm
Date + Time:,2025-01-27 18:32:42.944486,Traffic detected:,False,Train distance:,3.408417332271597,cm
Date + Time:,2025-01-27 18:32:42.944486,Traffic detected:,False,Train distance:,3.402702053225539,cm
Date + Time:,2025-01-27 18:32:42.944486,Traffic detected:,False,Train distance:,3.412227518952705,cm
Date + Time:,2025-01-27 18:32:42.944486,Traffic detected:,False,Train distance:,3.410974619544163,cm
Date + Time:,2025-01-27 18:32:42.944486,Traffic detected:,False,Train distance:,3.413188648495634,cm
Date + Time:,2025-01-27 18:32:42.944486,Traffic detected:,False,Train distance:,3.4074562046798746,cm
Date + Time:,2025-01-27 18:32:42.944486,Traffic detected:,False,Train distance:,3.410957456725668,cm
Date + Time:,2025-01-27 18:32:42.944486,Traffic detected:,False,Train distance:,3.4103224265877543,cm
Date + Time:,2025-01-27 18:32:42.944486,Traffic detected:,False,Train distance:,3.412244681771199,cm
Date + Time:,2025-01-27 18:32:42.944486,Traffic detected:,False,Train distance:,3.4077823021336826,cm
Date + Time:,2025-01-27 18:32:42.944486,Traffic detected:,False,Train distance:,3.412227518952705,cm
Date + Time:,2025-01-27 18:32:42.944486,Traffic detected:,False,Train distance:,3.4033370853146607,cm
Date + Time:,2025-01-27 18:32:42.944486,Traffic detected:,False,Train distance:,3.4096873944986323,cm
Date + Time:,2025-01-27 18:32:42.944486,Traffic detected:,False,Train distance:,3.33468508548799,cm
Date + Time:,2025-01-27 18:32:42.944486,Traffic detected:,False,Train distance:,3.3280086788502103,cm
Date + Time:,2025-01-27 18:32:42.944486,Traffic detected:,False,Train distance:,3.252045240296638,cm
Date + Time:,2025-01-27 18:38:30.982241,Traffic detected:,False,Train distance:,3.321040500395611,cm
Date + Time:,2025-01-27 18:38:30.982241,Traffic detected:,False,Train distance:,3.2584298790200137,cm
Date + Time:,2025-01-27 18:38:30.982241,Traffic detected:,False,Train distance:,3.309592775582587,cm
Date + Time:,2025-01-27 18:38:30.982241,Traffic detected:,False,Train distance:,3.2778069040257383,cm
Date + Time:,2025-01-27 18:38:30.982241,Traffic detected:,False,Train distance:,3.1370016503753955,cm
Date + Time:,2025-01-27 18:38:30.982241,Traffic detected:,False,Train distance:,3.2396707193825023,cm
Date + Time:,2025-01-27 18:38:30.982241,Traffic detected:,False,Train distance:,3.3076876832176367,cm
Date + Time:,2025-01-27 18:38:47.744088,Traffic detected:,False,Train distance:,3.3143640937578307,cm
Date + Time:,2025-01-27 18:38:47.744088,Traffic detected:,False,Train distance:,3.203748557837116,cm
Date + Time:,2025-01-27 18:38:47.744088,Traffic detected:,False,Train distance:,3.3340672162173632,cm
Date + Time:,2025-01-27 18:38:47.744088,Traffic detected:,False,Train distance:,3.3267557774904617,cm
Date + Time:,2025-01-27 18:38:47.744088,Traffic detected:,False,Train distance:,3.1160456304585296,cm
Date + Time:,2025-01-27 18:38:47.744088,Traffic detected:,False,Train distance:,3.327390809579583,cm
Date + Time:,2025-01-27 18:38:47.744088,Traffic detected:,False,Train distance:,3.325176786481734,cm
Date + Time:,2025-01-27 18:38:47.744088,Traffic detected:,False,Train distance:,3.368084281495385,cm
Date + Time:,2025-01-27 18:38:47.744088,Traffic detected:,False,Train distance:,3.3261207454013406,cm
Date + Time:,2025-01-27 18:38:47.744088,Traffic detected:,False,Train distance:,3.303568567754837,cm
Date + Time:,2025-01-27 18:38:47.744088,Traffic detected:,False,Train distance:,3.3162691861227813,cm
Date + Time:,2025-01-27 18:38:47.744088,Traffic detected:,False,Train distance:,3.327699744214897,cm
Date + Time:,2025-01-27 18:38:47.744088,Traffic detected:,False,Train distance:,3.2806731259336175,cm
Date + Time:,2025-01-27 18:39:22.197385,Traffic detected:,False,Train distance:,3.295295999485006,cm
Date + Time:,2025-01-27 18:39:22.197385,Traffic detected:,False,Train distance:,3.239996812933896,cm
Date + Time:,2025-01-27 18:39:22.197385,Traffic detected:,False,Train distance:,3.387461310403523,cm
Date + Time:,2025-01-27 18:39:22.197385,Traffic detected:,False,Train distance:,3.378879811400793,cm
Date + Time:,2025-01-27 18:39:22.197385,Traffic detected:,False,Train distance:,3.37760974722255,cm
Date + Time:,2025-01-27 18:39:22.197385,Traffic detected:,False,Train distance:,3.38238106149538,cm
Date + Time:,2025-01-27 18:39:22.197385,Traffic detected:,False,Train distance:,3.372203404763013,cm
Date + Time:,2025-01-27 18:39:22.197385,Traffic detected:,False,Train distance:,3.3725295022168207,cm
Date + Time:,2025-01-27 18:39:22.197385,Traffic detected:,False,Train distance:,3.3728555996706286,cm
Date + Time:,2025-01-27 18:39:22.197385,Traffic detected:,False,Train distance:,3.296257129027936,cm
Date + Time:,2025-01-27 18:39:22.197385,Traffic detected:,False,Train distance:,3.2889285274825397,cm
Date + Time:,2025-01-27 18:39:22.197385,Traffic detected:,False,Train distance:,3.334376150852677,cm
Date + Time:,2025-01-27 18:39:22.197385,Traffic detected:,False,Train distance:,3.345497778211893,cm
Date + Time:,2025-01-27 18:39:22.197385,Traffic detected:,False,Train distance:,3.3811110012195513,cm
Date + Time:,2025-01-27 18:39:22.197385,Traffic detected:,False,Train distance:,3.383651125673623,cm
Date + Time:,2025-01-27 18:39:22.197385,Traffic detected:,False,Train distance:,3.3718944701276996,cm
Date + Time:,2025-01-27 18:39:22.197385,Traffic detected:,False,Train distance:,3.3677581879439913,cm
Date + Time:,2025-01-27 18:39:22.197385,Traffic detected:,False,Train distance:,3.382054964041572,cm
Date + Time:,2025-01-27 18:39:22.197385,Traffic detected:,False,Train distance:,3.3798409409437227,cm
Date + Time:,2025-01-27 18:39:22.197385,Traffic detected:,False,Train distance:,3.3852472834032596,cm
Date + Time:,2025-01-27 18:39:22.197385,Traffic detected:,False,Train distance:,3.37760974722255,cm
Date + Time:,2025-01-27 18:39:22.197385,Traffic detected:,False,Train distance:,3.3881135014087245,cm
Date + Time:,2025-01-27 18:39:22.197385,Traffic detected:,False,Train distance:,3.282269283663254,cm
Date + Time:,2025-01-27 18:39:22.197385,Traffic detected:,False,Train distance:,3.3334321841282417,cm
Date + Time:,2025-01-27 18:40:35.233170,Traffic detected:,False,Train distance:,3.326137912122249,cm
Date + Time:,2025-01-27 18:40:35.233170,Traffic detected:,False,Train distance:,3.2724177204822804,cm
Date + Time:,2025-01-27 18:40:35.233170,Traffic detected:,False,Train distance:,3.386843441132896,cm
Date + Time:,2025-01-27 18:40:35.233170,Traffic detected:,False,Train distance:,3.3957338786733544,cm
Date + Time:,2025-01-27 18:40:35.233170,Traffic detected:,False,Train distance:,3.3719116329461936,cm
Date + Time:,2025-01-27 18:40:35.233170,Traffic detected:,False,Train distance:,3.381437094770945,cm
Date + Time:,2025-01-27 18:40:35.233170,Traffic detected:,False,Train distance:,3.3903275284089887,cm
Date + Time:,2025-01-27 18:40:35.233170,Traffic detected:,False,Train distance:,3.3935198477706763,cm
Date + Time:,2025-01-27 18:40:35.233170,Traffic detected:,False,Train distance:,3.401157383951386,cm
Date + Time:,2025-01-27 18:40:35.233170,Traffic detected:,False,Train distance:,3.3919236900410397,cm
Date + Time:,2025-01-27 18:40:35.233170,Traffic detected:,False,Train distance:,3.32898696730922,cm
Date + Time:,2025-01-27 18:42:42.602639,Traffic detected:,False,Train distance:,3.320422631124984,cm
Date + Time:,2025-01-27 18:42:42.602639,Traffic detected:,False,Train distance:,3.2345904665719445,cm
Date + Time:,2025-01-27 18:42:42.602639,Traffic detected:,False,Train distance:,3.334084379035857,cm
Date + Time:,2025-01-27 18:42:42.602639,Traffic detected:,False,Train distance:,3.3417047523980727,cm
Date + Time:,2025-01-27 18:42:42.602639,Traffic detected:,False,Train distance:,3.3922497874948476,cm
Date + Time:,2025-01-27 18:42:42.602639,Traffic detected:,False,Train distance:,3.40241028140872,cm
Date + Time:,2025-01-27 18:42:42.602639,Traffic detected:,False,Train distance:,3.370624409851871,cm
Date + Time:,2025-01-27 18:42:42.602639,Traffic detected:,False,Train distance:,3.388113505311139,cm
Date + Time:,2025-01-27 18:42:42.602639,Traffic detected:,False,Train distance:,3.3938459491268986,cm
Date + Time:,2025-01-27 18:42:42.602639,Traffic detected:,False,Train distance:,3.39573387477094,cm
Date + Time:,2025-01-27 18:42:42.602639,Traffic detected:,False,Train distance:,3.3986000966788192,cm
Date + Time:,2025-01-27 18:42:42.602639,Traffic detected:,False,Train distance:,3.3950988426818185,cm
Date + Time:,2025-01-27 18:42:42.602639,Traffic detected:,False,Train distance:,3.3919236900410397,cm
Date + Time:,2025-01-27 18:42:42.602639,Traffic detected:,False,Train distance:,3.3922497874948476,cm
Date + Time:,2025-01-27 18:42:42.602639,Traffic detected:,False,Train distance:,3.3947899119489193,cm
Date + Time:,2025-01-27 18:42:42.602639,Traffic detected:,False,Train distance:,3.3741256599464577,cm
Date + Time:,2025-01-27 18:42:42.602639,Traffic detected:,False,Train distance:,3.39763896713589,cm
Date + Time:,2025-01-27 18:42:42.602639,Traffic detected:,False,Train distance:,3.403989280222276,cm
Date + Time:,2025-01-27 18:42:42.602639,Traffic detected:,False,Train distance:,3.3915975925872317,cm
Date + Time:,2025-01-27 18:42:42.602639,Traffic detected:,False,Train distance:,3.399561226221749,cm
Date + Time:,2025-01-27 18:42:42.602639,Traffic detected:,False,Train distance:,3.3938287824059894,cm
Date + Time:,2025-01-27 18:42:42.602639,Traffic detected:,False,Train distance:,3.380167038397531,cm
Date + Time:,2025-01-27 18:42:42.602639,Traffic detected:,False,Train distance:,3.3143812565763255,cm
Date + Time:,2025-01-27 18:42:42.602639,Traffic detected:,False,Train distance:,3.2396878822009962,cm
Date + Time:,2025-01-27 18:43:45.097932,Traffic detected:,False,Train distance:,3.3016634714874726,cm
Date + Time:,2025-01-27 18:43:45.097932,Traffic detected:,False,Train distance:,3.2701865306635227,cm
Date + Time:,2025-01-27 18:43:45.097932,Traffic detected:,False,Train distance:,3.320096533671176,cm
Date + Time:,2025-01-27 18:43:45.097932,Traffic detected:,False,Train distance:,3.3893835655869684,cm
Date + Time:,2025-01-27 18:43:45.097932,Traffic detected:,False,Train distance:,3.3973128696820822,cm
Date + Time:,2025-01-27 18:43:45.097932,Traffic detected:,False,Train distance:,3.3944638144951114,cm
Date + Time:,2025-01-27 18:43:45.097932,Traffic detected:,False,Train distance:,3.384938348767946,cm
Date + Time:,2025-01-27 18:43:45.097932,Traffic detected:,False,Train distance:,3.3862084090437747,cm
Date + Time:,2025-01-27 18:43:45.097932,Traffic detected:,False,Train distance:,3.392884819583969,cm
Date + Time:,2025-01-27 18:43:45.097932,Traffic detected:,False,Train distance:,3.373490627857336,cm
Date + Time:,2025-01-27 18:43:45.097932,Traffic detected:,False,Train distance:,3.3970039389491826,cm
Date + Time:,2025-01-27 18:43:45.097932,Traffic detected:,False,Train distance:,3.381746029406258,cm
Date + Time:,2025-01-27 18:43:45.097932,Traffic detected:,False,Train distance:,3.377626910041044,cm
Date + Time:,2025-01-27 18:43:45.097932,Traffic detected:,False,Train distance:,3.3843033166788246,cm
Date + Time:,2025-01-27 18:43:45.097932,Traffic detected:,False,Train distance:,3.3912886579519177,cm
Date + Time:,2025-01-27 18:43:45.097932,Traffic detected:,False,Train distance:,3.3798409370413083,cm
Date + Time:,2025-01-27 18:43:45.097932,Traffic detected:,False,Train distance:,3.3900185976760895,cm
Date + Time:,2025-01-27 18:43:45.097932,Traffic detected:,False,Train distance:,3.3709505034032645,cm
Date + Time:,2025-01-27 18:43:45.097932,Traffic detected:,False,Train distance:,3.3896925002222815,cm
Date + Time:,2025-01-27 18:43:45.097932,Traffic detected:,False,Train distance:,3.3674492494062633,cm
Date + Time:,2025-01-27 18:43:45.097932,Traffic detected:,False,Train distance:,3.370006540581244,cm
Date + Time:,2025-01-27 18:43:45.097932,Traffic detected:,False,Train distance:,3.37379956249265,cm
Date + Time:,2025-01-27 18:43:45.097932,Traffic detected:,False,Train distance:,3.3893835655869684,cm
Date + Time:,2025-01-27 18:43:45.097932,Traffic detected:,False,Train distance:,3.3849211859494512,cm
Date + Time:,2025-01-27 18:43:45.097932,Traffic detected:,False,Train distance:,3.3331232533953425,cm
Date + Time:,2025-01-27 18:43:45.097932,Traffic detected:,False,Train distance:,3.323906722303491,cm
Date + Time:,2025-01-27 19:21:17.714388,Traffic detected:,False,Train distance:,3.33631557275703,cm
Date + Time:,2025-01-27 19:21:17.714388,Traffic detected:,False,Train distance:,3.2864055658469624,cm
Date + Time:,2025-01-27 19:21:17.714388,Traffic detected:,False,Train distance:,3.333123249492928,cm
Date + Time:,2025-01-27 19:21:17.714388,Traffic detected:,False,Train distance:,3.342665878038588,cm
Date + Time:,2025-01-27 19:21:17.714388,Traffic detected:,False,Train distance:,3.3372595355790504,cm
Date + Time:,2025-01-27 19:21:17.714388,Traffic detected:,False,Train distance:,3.2330114755632167,cm
Date + Time:,2025-01-27 19:21:17.714388,Traffic detected:,False,Train distance:,3.2673374715741375,cm
Date + Time:,2025-01-27 19:21:17.714388,Traffic detected:,False,Train distance:,3.3312181610303924,cm
Date + Time:,2025-01-27 19:21:17.714388,Traffic detected:,False,Train distance:,3.122722033193895,cm
Date + Time:,2025-01-27 19:21:17.714388,Traffic detected:,False,Train distance:,3.353478562957662,cm
Date + Time:,2025-01-27 19:21:17.714388,Traffic detected:,False,Train distance:,3.3270990377627636,cm
Date + Time:,2025-01-27 19:21:17.714388,Traffic detected:,False,Train distance:,3.3518824130328535,cm
Date + Time:,2025-01-27 19:21:17.714388,Traffic detected:,False,Train distance:,3.3493422924811966,cm
Date + Time:,2025-01-27 19:21:17.714388,Traffic detected:,False,Train distance:,3.4040064391383567,cm
Date + Time:,2025-01-27 19:21:17.714388,Traffic detected:,False,Train distance:,3.358867750403533,cm
Date + Time:,2025-01-27 19:21:17.714388,Traffic detected:,False,Train distance:,3.3833593577592183,cm
Date + Time:,2025-01-27 19:21:17.714388,Traffic detected:,False,Train distance:,3.3738167292135586,cm
Date + Time:,2025-01-27 19:21:17.714388,Traffic detected:,False,Train distance:,3.317556409217105,cm
Date + Time:,2025-01-27 19:21:17.714388,Traffic detected:,False,Train distance:,3.2950042315706014,cm
Date + Time:,2025-01-27 19:23:51.687008,Traffic detected:,False,Train distance:,3.319461505484469,cm
Date + Time:,2025-01-27 19:23:51.687008,Traffic detected:,False,Train distance:,3.246999320927898,cm
Date + Time:,2025-01-27 19:23:51.687008,Traffic detected:,False,Train distance:,3.407507693135358,cm
Date + Time:,2025-01-27 19:23:51.687008,Traffic detected:,False,Train distance:,3.3007195047630375,cm
Date + Time:,2025-01-27 19:23:51.687008,Traffic detected:,False,Train distance:,3.2396878822009962,cm
Date + Time:,2025-01-27 19:23:51.687008,Traffic detected:,False,Train distance:,3.3423569473056887,cm
Date + Time:,2025-01-27 19:23:51.687008,Traffic detected:,False,Train distance:,3.3935198477706763,cm
Date + Time:,2025-01-27 19:23:51.687008,Traffic detected:,False,Train distance:,3.3127850988466885,cm
Date + Time:,2025-01-27 19:23:51.687008,Traffic detected:,False,Train distance:,3.339490725397809,cm
Date + Time:,2025-01-27 19:23:51.687008,Traffic detected:,False,Train distance:,3.3839943820435106,cm
Date + Time:,2025-01-27 19:23:51.687008,Traffic detected:,False,Train distance:,3.3903446951298974,cm
Date + Time:,2025-01-27 19:23:51.687008,Traffic detected:,False,Train distance:,3.39384594132207,cm
Date + Time:,2025-01-27 19:23:51.687008,Traffic detected:,False,Train distance:,3.4056025968679933,cm
Date + Time:,2025-01-27 19:23:51.687008,Traffic detected:,False,Train distance:,3.397347195319071,cm
Date + Time:,2025-01-27 19:23:51.687008,Traffic detected:,False,Train distance:,3.3839772192250166,cm
Date + Time:,2025-01-27 19:23:51.687008,Traffic detected:,False,Train distance:,3.384612251314138,cm
Date + Time:,2025-01-27 19:23:51.687008,Traffic detected:,False,Train distance:,3.4071815995839647,cm
Date + Time:,2025-01-27 19:23:51.687008,Traffic detected:,False,Train distance:,3.3871695346842894,cm
Date + Time:,2025-01-27 19:23:51.687008,Traffic detected:,False,Train distance:,3.403045313497841,cm
Date + Time:,2025-01-27 19:23:51.687008,Traffic detected:,False,Train distance:,3.406237636761943,cm
Date + Time:,2025-01-27 19:23:51.687008,Traffic detected:,False,Train distance:,3.359519945311149,cm
Date + Time:,2025-01-27 19:23:51.687008,Traffic detected:,False,Train distance:,3.2539846582985774,cm
Date + Time:,2025-02-04 18:29:24.937184,Traffic detected:,False,Train distance:,9.15222123827516,cm
Date + Time:,2025-02-04 18:29:24.937184,Traffic detected:,False,Train distance:,9.116625178085997,cm
Date + Time:,2025-02-04 18:29:24.937184,Traffic detected:,False,Train distance:,9.138233392910479,cm
Date + Time:,2025-02-04 18:29:24.937184,Traffic detected:,False,Train distance:,9.238997367601428,cm
Date + Time:,2025-02-04 18:29:24.937184,Traffic detected:,False,Train distance:,9.272997270060955,cm
Date + Time:,2025-02-04 18:29:24.937184,Traffic detected:,False,Train distance:,9.270783243060691,cm
Date + Time:,2025-02-04 18:29:24.937184,Traffic detected:,False,Train distance:,9.288564112287986,cm
Date + Time:,2025-02-04 18:29:24.937184,Traffic detected:,False,Train distance:,9.289199140474693,cm
Date + Time:,2025-02-04 18:29:24.937184,Traffic detected:,False,Train distance:,9.312077419477419,cm
Date + Time:,2025-02-04 18:39:14.686974,Traffic detected:,True,Train distance:,7.914082418513374,cm
Date + Time:,2025-02-04 18:39:14.686974,Traffic detected:,True,Train distance:,7.843542489140247,cm
Date + Time:,2025-02-04 18:39:14.686974,Traffic detected:,False,Train distance:,7.692885675235743,cm
Date + Time:,2025-02-04 18:39:14.686974,Traffic detected:,False,Train distance:,7.879773581418532,cm
Date + Time:,2025-02-04 18:39:14.686974,Traffic detected:,False,Train distance:,7.902960795056571,cm
Date + Time:,2025-02-04 18:39:14.686974,Traffic detected:,False,Train distance:,7.934746670515835,cm
Date + Time:,2025-02-04 18:39:14.686974,Traffic detected:,True,Train distance:,7.865785737029454,cm
Date + Time:,2025-02-04 18:39:14.686974,Traffic detected:,False,Train distance:,7.919814860377926,cm
Date + Time:,2025-02-04 18:39:14.686974,Traffic detected:,False,Train distance:,7.903286891534776,cm
Date + Time:,2025-02-04 18:39:14.686974,Traffic detected:,False,Train distance:,7.873732206869874,cm
Date + Time:,2025-02-04 18:39:14.686974,Traffic detected:,False,Train distance:,7.904556953761811,cm
Date + Time:,2025-02-04 18:39:14.686974,Traffic detected:,True,Train distance:,7.897245516010513,cm
Date + Time:,2025-02-04 18:39:14.686974,Traffic detected:,False,Train distance:,7.942693140356255,cm
Date + Time:,2025-02-04 18:39:14.686974,Traffic detected:,False,Train distance:,7.898189480783742,cm
Date + Time:,2025-02-04 18:39:14.686974,Traffic detected:,False,Train distance:,7.696386927281537,cm
Date + Time:,2025-02-04 18:39:14.686974,Traffic detected:,False,Train distance:,7.882622639532315,cm
Date + Time:,2025-02-04 18:39:14.686974,Traffic detected:,False,Train distance:,7.849566701846015,cm
Date + Time:,2025-02-04 18:39:14.686974,Traffic detected:,False,Train distance:,7.875002267145703,cm
Date + Time:,2025-02-04 18:39:14.686974,Traffic detected:,True,Train distance:,7.829245710115856,cm
Date + Time:,2025-02-04 18:39:14.686974,Traffic detected:,True,Train distance:,7.799038829567735,cm
Date + Time:,2025-02-04 18:39:14.686974,Traffic detected:,False,Train distance:,7.91186839151311,cm
Date + Time:,2025-02-04 18:39:14.686974,Traffic detected:,False,Train distance:,7.928396361331863,cm
Date + Time:,2025-02-04 18:39:14.686974,Traffic detected:,False,Train distance:,7.909328268034642,cm
Date + Time:,2025-02-04 18:39:14.686974,Traffic detected:,False,Train distance:,7.872136047189031,cm
Date + Time:,2025-02-04 18:39:14.686974,Traffic detected:,False,Train distance:,7.9150435470807,cm
Date + Time:,2025-02-04 18:39:14.686974,Traffic detected:,True,Train distance:,7.909002170580834,cm
Date + Time:,2025-02-04 18:39:14.686974,Traffic detected:,False,Train distance:,7.926800202626623,cm
Date + Time:,2025-02-04 18:39:14.686974,Traffic detected:,False,Train distance:,7.909002170580834,cm
Date + Time:,2025-02-04 18:39:14.686974,Traffic detected:,False,Train distance:,7.907423175669692,cm
Date + Time:,2025-02-04 18:39:14.686974,Traffic detected:,True,Train distance:,7.90011173694279,cm
Date + Time:,2025-02-04 18:39:14.686974,Traffic detected:,True,Train distance:,7.818741953978474,cm
Date + Time:,2025-02-04 18:39:14.686974,Traffic detected:,False,Train distance:,7.927761330218345,cm
Date + Time:,2025-02-04 18:39:14.686974,Traffic detected:,False,Train distance:,7.9213938572402744,cm
Date + Time:,2025-02-04 18:39:14.686974,Traffic detected:,False,Train distance:,7.802540081613529,cm
Date + Time:,2025-02-04 18:39:14.686974,Traffic detected:,True,Train distance:,7.858457135484059,cm
Date + Time:,2025-02-04 18:39:14.686974,Traffic detected:,True,Train distance:,7.885797794124301,cm
Date + Time:,2025-02-04 18:39:14.686974,Traffic detected:,False,Train distance:,7.907732108353797,cm
Date + Time:,2025-02-04 18:39:14.686974,Traffic detected:,False,Train distance:,7.894379295078238,cm
Date + Time:,2025-02-04 18:39:14.686974,Traffic detected:,False,Train distance:,7.918544799126494,cm
Date + Time:,2025-02-04 18:39:14.686974,Traffic detected:,True,Train distance:,7.873406108440463,cm
Date + Time:,2025-02-04 18:39:14.686974,Traffic detected:,False,Train distance:,7.892800299191492,cm
Date + Time:,2025-02-04 18:39:14.686974,Traffic detected:,False,Train distance:,7.787591108657124,cm
Date + Time:,2025-02-04 18:39:14.686974,Traffic detected:,False,Train distance:,7.913378736125878,cm
Date + Time:,2025-02-04 18:39:14.686974,Traffic detected:,False,Train distance:,7.916862825353177,cm
Date + Time:,2025-02-04 18:39:14.686974,Traffic detected:,False,Train distance:,7.909242452966566,cm
Date + Time:,2025-02-04 18:39:14.686974,Traffic detected:,False,Train distance:,7.893349515236935,cm
Date + Time:,2025-02-04 18:39:14.686974,Traffic detected:,True,Train distance:,7.779850596541052,cm
Date + Time:,2025-02-04 18:39:14.686974,Traffic detected:,True,Train distance:,7.879018410575554,cm
Date + Time:,2025-02-04 18:39:14.686974,Traffic detected:,False,Train distance:,7.735981968082058,cm
Date + Time:,2025-02-04 18:39:14.686974,Traffic detected:,False,Train distance:,7.770307967995393,cm
Date + Time:,2025-02-04 18:39:14.686974,Traffic detected:,False,Train distance:,7.893006254964632,cm
Date + Time:,2025-02-04 18:39:14.686974,Traffic detected:,False,Train distance:,7.862799375392114,cm
Date + Time:,2025-02-04 18:39:14.686974,Traffic detected:,True,Train distance:,7.889161742646536,cm
Date + Time:,2025-02-04 18:39:14.686974,Traffic detected:,True,Train distance:,7.908538769603466,cm
Date + Time:,2025-02-04 18:39:14.686974,Traffic detected:,False,Train distance:,7.924105610854894,cm
Date + Time:,2025-02-04 18:39:14.686974,Traffic detected:,False,Train distance:,7.922200518489944,cm
Date + Time:,2025-02-04 18:39:14.686974,Traffic detected:,False,Train distance:,7.906942610898227,cm
Date + Time:,2025-02-04 18:39:14.686974,Traffic detected:,False,Train distance:,7.903132425192723,cm
Date + Time:,2025-02-04 18:39:14.686974,Traffic detected:,False,Train distance:,7.89422482776058,cm
Date + Time:,2025-02-04 18:39:14.686974,Traffic detected:,False,Train distance:,7.905655385852696,cm
Date + Time:,2025-02-04 18:39:14.686974,Traffic detected:,False,Train distance:,7.901828036353095,cm
Date + Time:,2025-02-04 18:39:14.686974,Traffic detected:,True,Train distance:,7.896129921101134,cm
Date + Time:,2025-02-04 18:39:14.686974,Traffic detected:,False,Train distance:,7.913584691899018,cm
Date + Time:,2025-02-04 18:39:14.686974,Traffic detected:,False,Train distance:,7.91264072712579,cm
Date + Time:,2025-02-04 18:39:14.686974,Traffic detected:,False,Train distance:,7.932978881674443,cm
Date + Time:,2025-02-04 18:39:14.686974,Traffic detected:,False,Train distance:,7.904024901510468,cm
Date + Time:,2025-02-04 18:39:14.686974,Traffic detected:,True,Train distance:,7.865270847596604,cm
Date + Time:,2025-02-04 18:39:14.686974,Traffic detected:,False,Train distance:,7.756560405016444,cm
Date + Time:,2025-02-04 18:39:14.686974,Traffic detected:,False,Train distance:,7.89830962246441,cm
Date + Time:,2025-02-04 18:39:14.686974,Traffic detected:,False,Train distance:,7.896095594488542,cm
Date + Time:,2025-02-04 18:39:14.686974,Traffic detected:,True,Train distance:,7.920878966831822,cm
Date + Time:,2025-02-04 18:39:14.686974,Traffic detected:,True,Train distance:,7.8884408964649415,cm
Date + Time:,2025-02-04 18:39:14.686974,Traffic detected:,False,Train distance:,7.899253587237638,cm
Date + Time:,2025-02-04 18:39:14.686974,Traffic detected:,False,Train distance:,7.8913071173972185,cm
Date + Time:,2025-02-04 18:39:14.686974,Traffic detected:,False,Train distance:,7.910684145329753,cm
Date + Time:,2025-02-04 18:39:14.686974,Traffic detected:,True,Train distance:,7.9129153351485115,cm
Date + Time:,2025-02-04 18:39:14.686974,Traffic detected:,True,Train distance:,7.909105149443008,cm
Date + Time:,2025-02-04 18:39:14.686974,Traffic detected:,False,Train distance:,7.895100141259831,cm
Date + Time:,2025-02-04 18:39:14.686974,Traffic detected:,False,Train distance:,7.894465110146314,cm
Date + Time:,2025-02-04 18:39:14.686974,Traffic detected:,False,Train distance:,7.912881008535918,cm
Date + Time:,2025-02-04 18:39:14.686974,Traffic detected:,False,Train distance:,7.919557415173699,cm
Date + Time:,2025-02-04 18:39:14.686974,Traffic detected:,False,Train distance:,7.884922481600654,cm
Date + Time:,2025-02-04 18:39:14.686974,Traffic detected:,True,Train distance:,7.866180485757241,cm
Date + Time:,2025-02-04 18:39:14.686974,Traffic detected:,False,Train distance:,7.914477168216763,cm
Date + Time:,2025-02-04 18:39:14.686974,Traffic detected:,False,Train distance:,7.894447947327819,cm
Date + Time:,2025-02-04 18:39:14.686974,Traffic detected:,False,Train distance:,7.87505375657679,cm
Date + Time:,2025-02-04 18:39:14.686974,Traffic detected:,False,Train distance:,7.930679040581707,cm
Date + Time:,2025-02-04 18:39:14.686974,Traffic detected:,False,Train distance:,7.918287353922267,cm
Date + Time:,2025-02-04 18:39:14.686974,Traffic detected:,True,Train distance:,7.901107191147105,cm
Date + Time:,2025-02-04 18:39:14.686974,Traffic detected:,False,Train distance:,7.921136412036048,cm
Date + Time:,2025-02-04 18:39:14.686974,Traffic detected:,False,Train distance:,7.915730067625304,cm
Date + Time:,2025-02-04 18:39:14.686974,Traffic detected:,False,Train distance:,7.882039097849883,cm
Date + Time:,2025-02-04 18:39:14.686974,Traffic detected:,False,Train distance:,7.900472160033586,cm
Date + Time:,2025-02-04 18:39:14.686974,Traffic detected:,True,Train distance:,7.901759385079117,cm
Date + Time:,2025-02-04 18:39:14.686974,Traffic detected:,False,Train distance:,7.901742222260623,cm
Date + Time:,2025-02-04 18:39:14.686974,Traffic detected:,False,Train distance:,7.8861582181907,cm
Date + Time:,2025-02-04 18:39:14.686974,Traffic detected:,False,Train distance:,7.932566970128163,cm
Date + Time:,2025-02-04 18:39:14.686974,Traffic detected:,False,Train distance:,7.801613279658795,cm
Date + Time:,2025-02-04 18:39:14.686974,Traffic detected:,True,Train distance:,7.891564562601445,cm
Date + Time:,2025-02-04 18:39:14.686974,Traffic detected:,False,Train distance:,7.845172973482477,cm
Date + Time:,2025-02-04 18:39:14.686974,Traffic detected:,False,Train distance:,7.899837128920069,cm
Date + Time:,2025-02-04 18:39:14.686974,Traffic detected:,False,Train distance:,7.911902718125702,cm
Date + Time:,2025-02-04 18:39:14.686974,Traffic detected:,True,Train distance:,7.837226505593264,cm
Date + Time:,2025-02-04 18:39:14.686974,Traffic detected:,True,Train distance:,7.931931939014645,cm
Date + Time:,2025-02-04 18:39:14.686974,Traffic detected:,False,Train distance:,7.898858838509852,cm
Date + Time:,2025-02-04 18:39:14.686974,Traffic detected:,False,Train distance:,7.943019236834459,cm
Date + Time:,2025-02-04 18:39:14.686974,Traffic detected:,False,Train distance:,7.910272232807869,cm
Date + Time:,2025-02-04 18:39:14.686974,Traffic detected:,False,Train distance:,7.937252469332918,cm
Date + Time:,2025-02-04 18:39:14.686974,Traffic detected:,True,Train distance:,7.898790186260271,cm
Date + Time:,2025-02-04 18:39:14.686974,Traffic detected:,True,Train distance:,7.908006717352123,cm
Date + Time:,2025-02-04 18:39:14.686974,Traffic detected:,False,Train distance:,7.898790186260271,cm
Date + Time:,2025-02-04 18:39:14.686974,Traffic detected:,False,Train distance:,7.902274275487571,cm
Date + Time:,2025-02-04 18:39:14.686974,Traffic detected:,False,Train distance:,7.911782577420638,cm
Date + Time:,2025-02-04 18:39:14.686974,Traffic detected:,True,Train distance:,7.914013767239396,cm
Date + Time:,2025-02-04 18:39:14.686974,Traffic detected:,True,Train distance:,7.874607518417917,cm
Date + Time:,2025-02-04 18:39:14.686974,Traffic detected:,False,Train distance:,7.871192081440199,cm
Date + Time:,2025-02-04 18:39:14.686974,Traffic detected:,False,Train distance:,7.941423078129219,cm
Date + Time:,2025-02-04 18:39:14.686974,Traffic detected:,False,Train distance:,7.919162667421517,cm
Date + Time:,2025-02-04 18:39:14.686974,Traffic detected:,False,Train distance:,7.892800298215888,cm
Date + Time:,2025-02-04 18:39:14.686974,Traffic detected:,True,Train distance:,7.887720049307745,cm
Date + Time:,2025-02-04 18:39:14.686974,Traffic detected:,False,Train distance:,7.893418167486516,cm
Date + Time:,2025-02-04 18:39:14.686974,Traffic detected:,False,Train distance:,7.919179829264408,cm
Date + Time:,2025-02-04 18:39:14.686974,Traffic detected:,False,Train distance:,7.820338111708111,cm
Date + Time:,2025-02-04 18:39:14.686974,Traffic detected:,False,Train distance:,7.895340424621167,cm
Date + Time:,2025-02-04 18:39:14.686974,Traffic detected:,False,Train distance:,7.919488763899721,cm
Date + Time:,2025-02-04 18:39:14.686974,Traffic detected:,False,Train distance:,7.8940703604429245,cm
Date + Time:,2025-02-04 18:39:14.686974,Traffic detected:,True,Train distance:,7.935690636264667,cm
Date + Time:,2025-02-04 18:39:14.686974,Traffic detected:,True,Train distance:,7.83145973711612,cm
Date + Time:,2025-02-04 18:39:14.686974,Traffic detected:,False,Train distance:,7.881369740123772,cm
Date + Time:,2025-02-04 18:39:14.686974,Traffic detected:,False,Train distance:,7.917257574080963,cm
Date + Time:,2025-02-04 18:39:14.686974,Traffic detected:,False,Train distance:,7.832403701889347,cm
Date + Time:,2025-02-04 18:39:14.686974,Traffic detected:,True,Train distance:,7.910289395626364,cm
Date + Time:,2025-02-04 18:39:14.686974,Traffic detected:,True,Train distance:,7.897880547124032,cm
Date + Time:,2025-02-04 18:39:14.686974,Traffic detected:,False,Train distance:,7.911868392488714,cm
Date + Time:,2025-02-04 18:39:14.686974,Traffic detected:,False,Train distance:,7.892165268077974,cm
Date + Time:,2025-02-04 18:39:14.686974,Traffic detected:,False,Train distance:,7.916639706761543,cm
Date + Time:,2025-02-04 18:39:14.686974,Traffic detected:,True,Train distance:,7.905827015988848,cm
Date + Time:,2025-02-04 18:39:14.686974,Traffic detected:,False,Train distance:,7.896936582350804,cm
Date + Time:,2025-02-04 18:39:14.686974,Traffic detected:,False,Train distance:,7.90297795885067,cm
Date + Time:,2025-02-04 18:39:14.686974,Traffic detected:,False,Train distance:,7.890586271215624,cm
Date + Time:,2025-02-04 18:39:14.686974,Traffic detected:,False,Train distance:,7.890260175713023,cm
Date + Time:,2025-02-04 18:39:14.686974,Traffic detected:,True,Train distance:,7.893109232851201,cm
Date + Time:,2025-02-04 18:39:14.686974,Traffic detected:,True,Train distance:,7.920775988945252,cm
Date + Time:,2025-02-04 18:39:14.686974,Traffic detected:,False,Train distance:,7.904556953761811,cm
Date + Time:,2025-02-04 18:39:14.686974,Traffic detected:,False,Train distance:,7.901690731853932,cm
Date + Time:,2025-02-04 18:39:14.686974,Traffic detected:,False,Train distance:,7.9271091353107295,cm
Date + Time:,2025-02-04 18:39:14.686974,Traffic detected:,False,Train distance:,7.90836714044292,cm
Date + Time:,2025-02-04 18:39:14.686974,Traffic detected:,False,Train distance:,7.917583671534771,cm
Date + Time:,2025-02-04 18:39:14.686974,Traffic detected:,False,Train distance:,7.923951143537238,cm
Date + Time:,2025-02-04 18:39:14.686974,Traffic detected:,True,Train distance:,7.940788046040097,cm
Date + Time:,2025-02-04 18:39:14.686974,Traffic detected:,False,Train distance:,7.924569010856658,cm
Date + Time:,2025-02-04 18:39:14.686974,Traffic detected:,False,Train distance:,7.919814861353529,cm
Date + Time:,2025-02-04 18:39:14.686974,Traffic detected:,False,Train distance:,7.923951145488445,cm
Date + Time:,2025-02-04 18:39:14.686974,Traffic detected:,False,Train distance:,7.895975452807874,cm
Date + Time:,2025-02-04 18:39:14.686974,Traffic detected:,False,Train distance:,7.896919417581103,cm
Date + Time:,2025-02-04 18:39:14.686974,Traffic detected:,False,Train distance:,7.884218799213158,cm
Date + Time:,2025-02-04 18:39:14.686974,Traffic detected:,True,Train distance:,7.854338016118845,cm
Date + Time:,2025-02-04 18:39:14.686974,Traffic detected:,True,Train distance:,7.8819876093944,cm
Date + Time:,2025-02-04 18:39:14.686974,Traffic detected:,False,Train distance:,7.908058205807605,cm
Date + Time:,2025-02-04 18:39:14.686974,Traffic detected:,False,Train distance:,7.923298948629622,cm
Date + Time:,2025-02-04 18:39:14.686974,Traffic detected:,False,Train distance:,7.931571516899452,cm
Date + Time:,2025-02-04 18:39:14.686974,Traffic detected:,False,Train distance:,7.775199422973287,cm
Date + Time:,2025-02-04 18:39:14.686974,Traffic detected:,False,Train distance:,7.907097078215884,cm
Date + Time:,2025-02-04 18:39:14.686974,Traffic detected:,False,Train distance:,7.820647048294631,cm
Date + Time:,2025-02-04 18:39:14.686974,Traffic detected:,True,Train distance:,7.872136046213426,cm
Date + Time:,2025-02-04 18:39:14.686974,Traffic detected:,False,Train distance:,7.89820664457784,cm
Date + Time:,2025-02-04 18:39:14.686974,Traffic detected:,False,Train distance:,7.9430020749915675,cm
Date + Time:,2025-02-04 18:39:14.686974,Traffic detected:,False,Train distance:,7.944289300037098,cm
Date + Time:,2025-02-04 18:39:14.686974,Traffic detected:,False,Train distance:,7.875311200805413,cm
Date + Time:,2025-02-04 18:39:14.686974,Traffic detected:,False,Train distance:,7.904556953761811,cm
Date + Time:,2025-02-04 18:39:14.686974,Traffic detected:,False,Train distance:,7.89534042266996,cm
Date + Time:,2025-02-04 18:39:14.686974,Traffic detected:,True,Train distance:,7.886432824262214,cm
Date + Time:,2025-02-04 18:39:14.686974,Traffic detected:,False,Train distance:,7.923951143537238,cm
Date + Time:,2025-02-04 18:39:14.686974,Traffic detected:,False,Train distance:,7.894379295078238,cm
Date + Time:,2025-02-04 18:39:14.686974,Traffic detected:,False,Train distance:,7.895975454759081,cm
Date + Time:,2025-02-04 18:39:14.686974,Traffic detected:,False,Train distance:,7.920140958807337,cm
Date + Time:,2025-02-04 18:39:14.686974,Traffic detected:,False,Train distance:,7.907097076264677,cm
Date + Time:,2025-02-04 18:39:14.686974,Traffic detected:,True,Train distance:,7.913773484853663,cm
Date + Time:,2025-02-04 18:39:14.686974,Traffic detected:,True,Train distance:,7.894070362394132,cm
Date + Time:,2025-02-04 18:39:14.686974,Traffic detected:,False,Train distance:,7.919162666445913,cm
Date + Time:,2025-02-04 18:39:14.686974,Traffic detected:,False,Train distance:,7.925856235902187,cm
Date + Time:,2025-02-04 18:39:14.686974,Traffic detected:,False,Train distance:,7.916313609307735,cm
Date + Time:,2025-02-04 18:39:14.686974,Traffic detected:,False,Train distance:,7.880082515078243,cm
Date + Time:,2025-02-04 18:39:14.686974,Traffic detected:,True,Train distance:,7.92171995371848,cm
Date + Time:,2025-02-04 18:39:14.686974,Traffic detected:,True,Train distance:,7.9023429267615475,cm
Date + Time:,2025-02-04 18:39:14.686974,Traffic detected:,False,Train distance:,7.898515579213153,cm
Date + Time:,2025-02-04 18:39:14.686974,Traffic detected:,False,Train distance:,7.877233457940065,cm
Date + Time:,2025-02-04 18:39:14.686974,Traffic detected:,False,Train distance:,7.774238295381565,cm
Date + Time:,2025-02-04 18:39:14.686974,Traffic detected:,True,Train distance:,7.912503422626628,cm
Date + Time:,2025-02-04 18:39:14.686974,Traffic detected:,False,Train distance:,7.9061359506241615,cm
Date + Time:,2025-02-04 18:39:14.686974,Traffic detected:,False,Train distance:,7.895975454759081,cm
Date + Time:,2025-02-04 18:39:14.686974,Traffic detected:,False,Train distance:,7.913773484853663,cm
Date + Time:,2025-02-04 18:39:14.686974,Traffic detected:,False,Train distance:,7.916004674672422,cm
Date + Time:,2025-02-04 18:39:14.686974,Traffic detected:,True,Train distance:,7.9630312949049085,cm
Date + Time:,2025-02-04 18:39:14.686974,Traffic detected:,False,Train distance:,7.926800200675416,cm
Date + Time:,2025-02-04 18:39:14.686974,Traffic detected:,False,Train distance:,7.927761330218345,cm
Date + Time:,2025-02-04 18:39:14.686974,Traffic detected:,False,Train distance:,7.922046051172288,cm
Date + Time:,2025-02-04 18:39:14.686974,Traffic detected:,False,Train distance:,7.933476609264403,cm
Date + Time:,2025-02-04 18:39:14.686974,Traffic detected:,False,Train distance:,7.908058205807605,cm
Date + Time:,2025-02-04 18:39:14.686974,Traffic detected:,True,Train distance:,7.910272232807869,cm
Date + Time:,2025-02-04 18:39:14.686974,Traffic detected:,True,Train distance:,7.921411021034373,cm
Date + Time:,2025-02-04 18:39:14.686974,Traffic detected:,False,Train distance:,7.903904758854196,cm
Date + Time:,2025-02-04 18:39:14.686974,Traffic detected:,False,Train distance:,7.918527636307999,cm
Date + Time:,2025-02-04 18:39:14.686974,Traffic detected:,False,Train distance:,7.901055701716018,cm
Date + Time:,2025-02-04 18:39:14.686974,Traffic detected:,True,Train distance:,7.892165268077974,cm
Date + Time:,2025-02-04 18:39:14.686974,Traffic detected:,False,Train distance:,7.87754239062417,cm
Date + Time:,2025-02-04 18:39:14.686974,Traffic detected:,False,Train distance:,7.918218703623893,cm
Date + Time:,2025-02-04 18:39:14.686974,Traffic detected:,False,Train distance:,7.902325763943054,cm
Date + Time:,2025-02-04 18:39:14.686974,Traffic detected:,False,Train distance:,7.9490606143099285,cm
Date + Time:,2025-02-04 18:39:14.686974,Traffic detected:,False,Train distance:,7.9150435470807,cm
Date + Time:,2025-02-04 18:39:14.686974,Traffic detected:,True,Train distance:,7.9064620480779695,cm
Date + Time:,2025-02-04 18:39:14.686974,Traffic detected:,True,Train distance:,7.9118683905375065,cm
Date + Time:,2025-02-04 18:39:14.686974,Traffic detected:,False,Train distance:,7.9077492711722925,cm
Date + Time:,2025-02-04 18:39:14.686974,Traffic detected:,False,Train distance:,7.909019333399328,cm
Date + Time:,2025-02-04 18:39:14.686974,Traffic detected:,False,Train distance:,7.883583767124036,cm
Date + Time:,2025-02-04 18:39:14.686974,Traffic detected:,True,Train distance:,7.929666422583296,cm
Date + Time:,2025-02-04 18:39:14.686974,Traffic detected:,True,Train distance:,7.921393858215879,cm
Date + Time:,2025-02-04 18:39:14.686974,Traffic detected:,False,Train distance:,7.9020168293077395,cm
Date + Time:,2025-02-04 18:39:14.686974,Traffic detected:,False,Train distance:,7.911233362350798,cm
Date + Time:,2025-02-04 18:39:14.686974,Traffic detected:,False,Train distance:,7.9306103873565235,cm
Date + Time:,2025-02-04 18:39:14.686974,Traffic detected:,False,Train distance:,7.911216199532305,cm
Date + Time:,2025-02-04 18:39:14.686974,Traffic detected:,True,Train distance:,7.902651861396862,cm
Date + Time:,2025-02-04 18:39:14.686974,Traffic detected:,False,Train distance:,7.902016831258947,cm
Date + Time:,2025-02-04 18:39:14.686974,Traffic detected:,False,Train distance:,7.914408516942785,cm
Date + Time:,2025-02-04 18:39:14.686974,Traffic detected:,False,Train distance:,7.904230856308003,cm
Date + Time:,2025-02-04 18:39:14.686974,Traffic detected:,False,Train distance:,7.905191985850933,cm
Date + Time:,2025-02-04 18:39:14.686974,Traffic detected:,True,Train distance:,7.901690731853932,cm
Date + Time:,2025-02-04 18:39:14.686974,Traffic detected:,False,Train distance:,7.897554449670224,cm
Date + Time:,2025-02-04 18:39:14.686974,Traffic detected:,False,Train distance:,7.900420671578104,cm
Date + Time:,2025-02-04 18:39:14.686974,Traffic detected:,False,Train distance:,7.906153113442656,cm
Date + Time:,2025-02-04 18:39:14.686974,Traffic detected:,False,Train distance:,7.913138452764542,cm
Date + Time:,2025-02-04 18:39:14.686974,Traffic detected:,False,Train distance:,7.926165170537501,cm
Date + Time:,2025-02-04 18:39:14.686974,Traffic detected:,True,Train distance:,7.913773484853663,cm
Date + Time:,2025-02-04 18:39:14.686974,Traffic detected:,False,Train distance:,7.938882953675147,cm
Date + Time:,2025-02-04 18:39:14.686974,Traffic detected:,False,Train distance:,7.932223709855861,cm
Date + Time:,2025-02-04 18:39:14.686974,Traffic detected:,False,Train distance:,7.915352479764806,cm
Date + Time:,2025-02-04 18:39:14.686974,Traffic detected:,False,Train distance:,7.917583669583564,cm
Date + Time:,2025-02-04 18:39:14.686974,Traffic detected:,True,Train distance:,7.9020168293077395,cm
Date + Time:,2025-02-04 18:39:14.686974,Traffic detected:,True,Train distance:,7.911868392488714,cm
Date + Time:,2025-02-04 18:39:14.686974,Traffic detected:,False,Train distance:,7.917583671534771,cm
Date + Time:,2025-02-04 18:39:14.686974,Traffic detected:,False,Train distance:,7.938247921586025,cm
Date + Time:,2025-02-04 18:39:14.686974,Traffic detected:,False,Train distance:,7.9150435470807,cm
Date + Time:,2025-02-04 18:39:14.686974,Traffic detected:,False,Train distance:,7.919814861353529,cm
Date + Time:,2025-02-04 18:39:14.686974,Traffic detected:,True,Train distance:,7.925204042945778,cm
Date + Time:,2025-02-04 18:39:14.686974,Traffic detected:,False,Train distance:,7.789170103568267,cm
Date + Time:,2025-02-04 18:39:14.686974,Traffic detected:,False,Train distance:,7.942384205720941,cm
Date + Time:,2025-02-04 18:39:14.686974,Traffic detected:,False,Train distance:,7.92171995371848,cm
Date + Time:,2025-02-04 18:39:14.686974,Traffic detected:,False,Train distance:,7.896284387443188,cm
Date + Time:,2025-02-04 18:39:14.686974,Traffic detected:,True,Train distance:,7.912177327124027,cm
Date + Time:,2025-02-04 18:39:14.686974,Traffic detected:,False,Train distance:,7.886758923667229,cm
Date + Time:,2025-02-04 18:39:14.686974,Traffic detected:,False,Train distance:,7.921393856264672,cm
Date + Time:,2025-02-04 18:39:14.686974,Traffic detected:,False,Train distance:,7.9423842076721485,cm
Date + Time:,2025-02-04 18:39:14.686974,Traffic detected:,False,Train distance:,7.905191985850933,cm
Date + Time:,2025-02-04 18:39:14.686974,Traffic detected:,True,Train distance:,7.919179829264408,cm
Date + Time:,2025-02-04 18:39:14.686974,Traffic detected:,True,Train distance:,7.909963298172556,cm
Date + Time:,2025-02-04 18:39:14.686974,Traffic detected:,False,Train distance:,7.914734614396593,cm
Date + Time:,2025-02-04 18:39:14.686974,Traffic detected:,False,Train distance:,7.8873939538051445,cm
Date + Time:,2025-02-04 18:39:14.686974,Traffic detected:,False,Train distance:,7.744374675105746,cm
Date + Time:,2025-02-04 18:39:14.686974,Traffic detected:,False,Train distance:,7.7964987070648695,cm
Date + Time:,2025-02-04 18:39:14.686974,Traffic detected:,True,Train distance:,7.943654267947976,cm
Date + Time:,2025-02-04 18:39:14.686974,Traffic detected:,True,Train distance:,7.8962843893943955,cm
Date + Time:,2025-02-04 18:39:14.686974,Traffic detected:,False,Train distance:,7.909002170580834,cm
Date + Time:,2025-02-04 18:39:14.686974,Traffic detected:,False,Train distance:,7.934746669540231,cm
Date + Time:,2025-02-04 18:39:14.686974,Traffic detected:,False,Train distance:,7.914099582307471,cm
Date + Time:,2025-02-04 18:39:14.686974,Traffic detected:,False,Train distance:,7.9115422930836985,cm
Date + Time:,2025-02-04 18:39:14.686974,Traffic detected:,True,Train distance:,7.925839073083693,cm
Date + Time:,2025-02-04 18:39:14.686974,Traffic detected:,True,Train distance:,7.9150435470807,cm
Date + Time:,2025-02-04 18:39:14.686974,Traffic detected:,False,Train distance:,7.908676073127026,cm
Date + Time:,2025-02-04 18:39:14.686974,Traffic detected:,False,Train distance:,7.904865886445918,cm
Date + Time:,2025-02-04 18:39:14.686974,Traffic detected:,False,Train distance:,7.9077492711722925,cm
Date + Time:,2025-02-04 18:39:14.686974,Traffic detected:,True,Train distance:,7.966858642453303,cm
Date + Time:,2025-02-04 18:39:14.686974,Traffic detected:,True,Train distance:,7.922990015945515,cm
Date + Time:,2025-02-04 18:39:14.686974,Traffic detected:,False,Train distance:,7.891839170624166,cm
Date + Time:,2025-02-04 18:39:14.686974,Traffic detected:,False,Train distance:,7.916965802264143,cm
Date + Time:,2025-02-04 18:39:14.686974,Traffic detected:,False,Train distance:,7.955084826040093,cm
Date + Time:,2025-02-04 18:39:14.686974,Traffic detected:,False,Train distance:,7.922028888353793,cm
Date + Time:,2025-02-04 18:39:14.686974,Traffic detected:,False,Train distance:,7.936016733718475,cm
Date + Time:,2025-02-04 18:39:14.686974,Traffic detected:,True,Train distance:,7.89820664457784,cm
Date + Time:,2025-02-04 18:39:14.686974,Traffic detected:,True,Train distance:,7.901055701716018,cm
Date + Time:,2025-02-04 18:39:14.686974,Traffic detected:,False,Train distance:,7.915987511853928,cm
Date + Time:,2025-02-04 18:39:14.686974,Traffic detected:,False,Train distance:,7.906462046126762,cm
Date + Time:,2025-02-04 18:39:14.686974,Traffic detected:,False,Train distance:,7.919488763899721,cm
Date + Time:,2025-02-04 18:39:14.686974,Traffic detected:,True,Train distance:,7.917909768988579,cm
Date + Time:,2025-02-04 18:39:14.686974,Traffic detected:,False,Train distance:,7.895975452807874,cm
Date + Time:,2025-02-04 18:39:14.686974,Traffic detected:,False,Train distance:,7.904883051215619,cm
Date + Time:,2025-02-04 18:39:14.686974,Traffic detected:,False,Train distance:,7.8873939538051445,cm
Date + Time:,2025-02-04 18:39:14.686974,Traffic detected:,True,Train distance:,7.905827015988848,cm
Date + Time:,2025-02-04 18:39:14.686974,Traffic detected:,True,Train distance:,7.943654267947976,cm
Date + Time:,2025-02-04 18:39:14.686974,Traffic detected:,False,Train distance:,7.909019333399328,cm
Date + Time:,2025-02-04 18:39:14.686974,Traffic detected:,False,Train distance:,7.936016731767268,cm
Date + Time:,2025-02-04 18:39:14.686974,Traffic detected:,False,Train distance:,7.912503422626628,cm
Date + Time:,2025-02-04 18:39:14.686974,Traffic detected:,False,Train distance:,7.895014325216152,cm
Date + Time:,2025-02-04 18:39:14.686974,Traffic detected:,False,Train distance:,7.908041042989112,cm
Date + Time:,2025-02-04 18:39:14.686974,Traffic detected:,True,Train distance:,7.895975452807874,cm
Date + Time:,2025-02-04 18:39:14.686974,Traffic detected:,True,Train distance:,7.878812452851207,cm
Date + Time:,2025-02-04 18:39:14.686974,Traffic detected:,False,Train distance:,7.912486259808134,cm
Date + Time:,2025-02-04 18:39:14.686974,Traffic detected:,False,Train distance:,7.8988416747157535,cm
Date + Time:,2025-02-04 18:39:14.686974,Traffic detected:,False,Train distance:,7.897880547124032,cm
Date + Time:,2025-02-04 18:39:14.686974,Traffic detected:,True,Train distance:,7.917909768988579,cm
Date + Time:,2025-02-04 18:39:14.686974,Traffic detected:,True,Train distance:,7.900420669626897,cm
Date + Time:,2025-02-04 18:39:14.686974,Traffic detected:,False,Train distance:,7.924586175626359,cm
Date + Time:,2025-02-04 18:39:14.686974,Traffic detected:,False,Train distance:,7.932841577175282,cm
Date + Time:,2025-02-04 18:39:14.686974,Traffic detected:,False,Train distance:,7.899150609351067,cm
Date + Time:,2025-02-04 18:39:14.686974,Traffic detected:,False,Train distance:,7.757075295424897,cm
Date + Time:,2025-02-04 18:39:14.686974,Traffic detected:,False,Train distance:,7.911868392488714,cm
Date + Time:,2025-02-04 18:39:14.686974,Traffic detected:,False,Train distance:,7.929666422583296,cm
Date + Time:,2025-02-04 18:39:14.686974,Traffic detected:,True,Train distance:,7.914408516942785,cm
Date + Time:,2025-02-04 18:39:14.686974,Traffic detected:,True,Train distance:,7.910598330261677,cm
Date + Time:,2025-02-04 18:39:14.686974,Traffic detected:,False,Train distance:,7.902325763943054,cm
Date + Time:,2025-02-04 18:39:14.686974,Traffic detected:,False,Train distance:,7.901055701716018,cm
Date + Time:,2025-02-04 18:39:14.686974,Traffic detected:,False,Train distance:,7.910598330261677,cm
Date + Time:,2025-02-04 18:39:14.686974,Traffic detected:,True,Train distance:,7.89501432716736,cm
Date + Time:,2025-02-04 18:39:14.686974,Traffic detected:,True,Train distance:,7.9074060128511965,cm
Date + Time:,2025-02-04 18:39:14.686974,Traffic detected:,False,Train distance:,7.907423173718485,cm
Date + Time:,2025-02-04 18:39:14.686974,Traffic detected:,False,Train distance:,7.757727488381305,cm
Date + Time:,2025-02-04 18:39:14.686974,Traffic detected:,False,Train distance:,7.883274832488723,cm
Date + Time:,2025-02-04 18:39:14.686974,Traffic detected:,True,Train distance:,7.905191985850933,cm
Date + Time:,2025-02-04 18:39:14.686974,Traffic detected:,True,Train distance:,7.705277360919581,cm
Date + Time:,2025-02-04 18:39:14.686974,Traffic detected:,False,Train distance:,7.879121389437728,cm
Date + Time:,2025-02-04 18:39:14.686974,Traffic detected:,False,Train distance:,7.899785639488982,cm
Date + Time:,2025-02-04 18:45:31.682574,Traffic detected:,False,Train distance:,7.855608078345881,cm
Date + Time:,2025-02-04 18:45:31.682574,Traffic detected:,False,Train distance:,7.798403797478613,cm
Date + Time:,2025-02-04 18:45:31.682574,Traffic detected:,False,Train distance:,7.944289300037098,cm
Date + Time:,2025-02-04 18:45:31.682574,Traffic detected:,True,Train distance:,7.944924330175013,cm
Date + Time:,2025-02-04 18:45:31.682574,Traffic detected:,False,Train distance:,7.882004772212895,cm
Date + Time:,2025-02-04 18:45:31.682574,Traffic detected:,False,Train distance:,7.7647128296544,cm
Date + Time:,2025-02-04 18:45:31.682574,Traffic detected:,False,Train distance:,7.926182333355995,cm
Date + Time:,2025-02-04 18:45:31.682574,Traffic detected:,True,Train distance:,7.919179829264408,cm
Date + Time:,2025-02-04 18:45:31.682574,Traffic detected:,True,Train distance:,7.930627550175018,cm
Date + Time:,2025-02-04 18:45:31.682574,Traffic detected:,False,Train distance:,7.921084921629358,cm
Date + Time:,2025-02-04 18:45:31.682574,Traffic detected:,False,Train distance:,7.873097173805149,cm
Date + Time:,2025-02-04 18:45:31.682574,Traffic detected:,False,Train distance:,7.906462046126762,cm
Date + Time:,2025-02-04 18:45:31.682574,Traffic detected:,False,Train distance:,7.917274736899457,cm
Date + Time:,2025-02-04 18:45:31.682574,Traffic detected:,True,Train distance:,7.938247923537232,cm
Date + Time:,2025-02-04 18:45:31.682574,Traffic detected:,True,Train distance:,7.880082515078243,cm
Date + Time:,2025-02-04 18:45:31.682574,Traffic detected:,False,Train distance:,7.8908952058509385,cm
Date + Time:,2025-02-04 18:45:31.682574,Traffic detected:,False,Train distance:,7.889934078259215,cm
Date + Time:,2025-02-04 18:45:31.682574,Traffic detected:,False,Train distance:,7.941423076178012,cm
Date + Time:,2025-02-04 18:45:31.682574,Traffic detected:,True,Train distance:,7.9099633001237635,cm
Date + Time:,2025-02-04 18:45:31.682574,Traffic detected:,False,Train distance:,7.9067881455317774,cm
Date + Time:,2025-02-04 18:45:31.682574,Traffic detected:,False,Train distance:,7.948408419402313,cm
Date + Time:,2025-02-04 18:45:31.682574,Traffic detected:,False,Train distance:,7.950004577131948,cm
Date + Time:,2025-02-04 18:45:31.682574,Traffic detected:,True,Train distance:,7.948099484766999,cm
Date + Time:,2025-02-04 18:45:31.682574,Traffic detected:,True,Train distance:,7.901690733805139,cm
Date + Time:,2025-02-04 18:45:31.682574,Traffic detected:,False,Train distance:,7.8785035201671,cm
Date + Time:,2025-02-04 18:45:31.682574,Traffic detected:,False,Train distance:,7.904556953761811,cm
Date + Time:,2025-02-04 18:45:31.682574,Traffic detected:,False,Train distance:,7.864824609437733,cm
Date + Time:,2025-02-04 18:45:31.682574,Traffic detected:,True,Train distance:,7.931880449583558,cm
Date + Time:,2025-02-04 18:45:31.682574,Traffic detected:,False,Train distance:,7.889934078259215,cm
Date + Time:,2025-02-04 18:45:31.682574,Traffic detected:,False,Train distance:,7.930627552126225,cm
Date + Time:,2025-02-04 18:45:31.682574,Traffic detected:,False,Train distance:,7.919505926718216,cm
Date + Time:,2025-02-04 18:45:31.682574,Traffic detected:,False,Train distance:,7.932841577175282,cm
Date + Time:,2025-02-04 18:45:31.682574,Traffic detected:,True,Train distance:,7.8985155772619455,cm
Date + Time:,2025-02-04 18:45:31.682574,Traffic detected:,True,Train distance:,7.744357512287252,cm
Date + Time:,2025-02-04 18:45:31.682574,Traffic detected:,False,Train distance:,7.895340424621167,cm
Date + Time:,2025-02-04 18:45:31.682574,Traffic detected:,False,Train distance:,7.900746767080705,cm
Date + Time:,2025-02-04 18:45:31.682574,Traffic detected:,False,Train distance:,7.919814861353529,cm
Date + Time:,2025-02-04 18:45:31.682574,Traffic detected:,False,Train distance:,7.903921923623898,cm
Date + Time:,2025-02-04 18:45:31.682574,Traffic detected:,True,Train distance:,7.895031488034647,cm
Date + Time:,2025-02-04 18:45:31.682574,Traffic detected:,False,Train distance:,7.943654269899183,cm
Date + Time:,2025-02-04 18:45:31.682574,Traffic detected:,False,Train distance:,7.9074060128511965,cm
Date + Time:,2025-02-04 18:45:31.682574,Traffic detected:,False,Train distance:,7.847026577391944,cm
Date + Time:,2025-02-04 18:45:31.682574,Traffic detected:,False,Train distance:,7.8988416747157535,cm
Date + Time:,2025-02-04 18:45:31.682574,Traffic detected:,False,Train distance:,7.705586295554895,cm
Date + Time:,2025-02-04 18:45:31.682574,Traffic detected:,True,Train distance:,7.909002170580834,cm
Date + Time:,2025-02-04 18:45:31.682574,Traffic detected:,True,Train distance:,7.908041042989112,cm
Date + Time:,2025-02-04 18:45:31.682574,Traffic detected:,False,Train distance:,7.9264912679913095,cm
Date + Time:,2025-02-04 18:45:31.682574,Traffic detected:,False,Train distance:,7.892474202713287,cm
Date + Time:,2025-02-04 18:45:31.682574,Traffic detected:,False,Train distance:,7.90550091853504,cm
Date + Time:,2025-02-04 18:46:21.434526,Traffic detected:,True,Train distance:,7.874676170667498,cm
Date + Time:,2025-02-04 18:46:21.434526,Traffic detected:,False,Train distance:,7.837175016162178,cm
Date + Time:,2025-02-04 18:46:21.434526,Traffic detected:,False,Train distance:,7.852741856438001,cm
Date + Time:,2025-02-04 18:46:21.434526,Traffic detected:,False,Train distance:,7.908058205807605,cm
Date + Time:,2025-02-04 18:46:21.434526,Traffic detected:,False,Train distance:,7.840350170754164,cm
Date + Time:,2025-02-04 18:46:21.434526,Traffic detected:,False,Train distance:,7.89153023794006,cm
Date + Time:,2025-02-04 18:46:21.434526,Traffic detected:,True,Train distance:,7.899459542035174,cm
Date + Time:,2025-02-04 18:46:21.434526,Traffic detected:,False,Train distance:,7.9223549858076,cm
Date + Time:,2025-02-04 18:46:21.434526,Traffic detected:,False,Train distance:,7.815892896840296,cm
Date + Time:,2025-02-04 18:46:21.434526,Traffic detected:,False,Train distance:,7.891839170624166,cm
Date + Time:,2025-02-04 18:46:21.434526,Traffic detected:,False,Train distance:,7.92171995371848,cm
Date + Time:,2025-02-04 18:46:21.434526,Traffic detected:,False,Train distance:,7.9064620480779695,cm
Date + Time:,2025-02-04 18:46:21.434526,Traffic detected:,True,Train distance:,7.840350170754164,cm
Date + Time:,2025-02-04 18:46:21.434526,Traffic detected:,True,Train distance:,7.760216124379895,cm
Date + Time:,2025-02-04 18:46:21.434526,Traffic detected:,False,Train distance:,7.882245053623023,cm
Date + Time:,2025-02-04 18:46:21.434526,Traffic detected:,False,Train distance:,7.890843715444248,cm
Date + Time:,2025-02-04 18:46:21.434526,Traffic detected:,False,Train distance:,7.898773023441777,cm
Date + Time:,2025-02-04 18:46:21.434526,Traffic detected:,True,Train distance:,7.900060248487306,cm
Date + Time:,2025-02-04 18:46:21.434526,Traffic detected:,False,Train distance:,7.864138088893127,cm
Date + Time:,2025-02-04 18:46:21.434526,Traffic detected:,False,Train distance:,7.903870435168415,cm
Date + Time:,2025-02-04 18:46:43.728431,Traffic detected:,False,Train distance:,7.9003691811714125,cm
Date + Time:,2025-02-04 18:46:43.728431,Traffic detected:,False,Train distance:,7.821865620114976,cm
Date + Time:,2025-02-04 18:46:43.728431,Traffic detected:,False,Train distance:,7.916897150990167,cm
Date + Time:,2025-02-04 18:46:43.728431,Traffic detected:,False,Train distance:,7.922612430036224,cm
Date + Time:,2025-02-04 18:46:43.728431,Traffic detected:,True,Train distance:,7.941045492219928,cm
Date + Time:,2025-02-04 18:46:43.728431,Traffic detected:,True,Train distance:,7.942641651900771,cm
Date + Time:,2025-02-04 18:46:43.728431,Traffic detected:,False,Train distance:,7.909585714214471,cm
Date + Time:,2025-02-04 18:46:43.728431,Traffic detected:,False,Train distance:,7.854286527663362,cm
Date + Time:,2025-02-04 18:46:43.728431,Traffic detected:,False,Train distance:,7.894327806622754,cm
Date + Time:,2025-02-04 18:46:43.728431,Traffic detected:,False,Train distance:,7.9474129661736015,cm
Date + Time:,2025-02-04 18:46:43.728431,Traffic detected:,False,Train distance:,7.9385225305843505,cm
Date + Time:,2025-02-04 18:46:43.728431,Traffic detected:,False,Train distance:,7.922938525538825,cm
Date + Time:,2025-02-04 18:46:43.728431,Traffic detected:,True,Train distance:,7.950914216268188,cm
Date + Time:,2025-02-04 18:46:43.728431,Traffic detected:,False,Train distance:,7.919437273493031,cm
Date + Time:,2025-02-04 18:46:43.728431,Traffic detected:,False,Train distance:,7.913413061762867,cm
Date + Time:,2025-02-04 18:46:43.728431,Traffic detected:,False,Train distance:,7.780863211612655,cm
Date + Time:,2025-02-04 18:46:43.728431,Traffic detected:,False,Train distance:,7.9248436198549825,cm
Date + Time:,2025-02-04 18:46:43.728431,Traffic detected:,False,Train distance:,7.962344776311511,cm
Date + Time:,2025-02-04 18:46:43.728431,Traffic detected:,False,Train distance:,7.9505881207655875,cm
Date + Time:,2025-02-04 18:46:43.728431,Traffic detected:,False,Train distance:,7.925152554490296,cm
Date + Time:,2025-02-04 18:46:43.728431,Traffic detected:,False,Train distance:,7.978872744179057,cm
Date + Time:,2025-02-04 18:46:43.728431,Traffic detected:,True,Train distance:,8.181344654431769,cm
Date + Time:,2025-02-04 18:46:43.728431,Traffic detected:,True,Train distance:,7.833004406390273,cm
Date + Time:,2025-02-04 18:46:43.728431,Traffic detected:,False,Train distance:,7.956938429949559,cm
Date + Time:,2025-02-04 18:46:43.728431,Traffic detected:,False,Train distance:,7.951223150903501,cm
Date + Time:,2025-02-04 18:46:43.728431,Traffic detected:,False,Train distance:,7.914030931033494,cm
Date + Time:,2025-02-04 18:46:43.728431,Traffic detected:,False,Train distance:,7.915318156079024,cm
Date + Time:,2025-02-04 18:46:43.728431,Traffic detected:,False,Train distance:,7.9385225305843505,cm
Date + Time:,2025-02-04 18:46:43.728431,Traffic detected:,False,Train distance:,7.879087063800738,cm
Date + Time:,2025-02-04 18:46:43.728431,Traffic detected:,True,Train distance:,7.769432655471746,cm
Date + Time:,2025-02-04 18:46:43.728431,Traffic detected:,True,Train distance:,7.647060465956315,cm
Date + Time:,2025-02-04 18:46:43.728431,Traffic detected:,False,Train distance:,8.253806840939546,cm
Date + Time:,2025-02-04 18:46:43.728431,Traffic detected:,False,Train distance:,9.637007337240448,cm
Date + Time:,2025-02-04 18:46:43.728431,Traffic detected:,False,Train distance:,10.311461747277122,cm
Date + Time:,2025-02-04 18:46:43.728431,Traffic detected:,False,Train distance:,8.891069031106213,cm
Date + Time:,2025-02-04 18:46:43.728431,Traffic detected:,False,Train distance:,8.734370841677446,cm
Date + Time:,2025-02-04 18:46:43.728431,Traffic detected:,True,Train distance:,8.846891469963111,cm
Date + Time:,2025-02-04 18:46:43.728431,Traffic detected:,True,Train distance:,8.82049477414489,cm
Date + Time:,2025-02-04 18:46:43.728431,Traffic detected:,False,Train distance:,8.812874402733883,cm
Date + Time:,2025-02-04 18:46:43.728431,Traffic detected:,False,Train distance:,8.846239275055495,cm
Date + Time:,2025-02-04 18:46:43.728431,Traffic detected:,False,Train distance:,8.424166778279186,cm
Date + Time:,2025-02-04 18:46:43.728431,Traffic detected:,True,Train distance:,8.535417344337816,cm
Date + Time:,2025-02-04 18:46:43.728431,Traffic detected:,True,Train distance:,7.587624995270289,cm
Date + Time:,2025-02-04 18:48:16.138325,Traffic detected:,True,Train distance:,8.004943340592263,cm
Date + Time:,2025-02-04 18:48:16.138325,Traffic detected:,False,Train distance:,8.004634407908156,cm
Date + Time:,2025-02-04 18:48:16.138325,Traffic detected:,False,Train distance:,7.2399197793179155,cm
Date + Time:,2025-02-04 18:48:16.138325,Traffic detected:,False,Train distance:,7.248827375774454,cm
Date + Time:,2025-02-04 18:48:16.138325,Traffic detected:,False,Train distance:,7.258352841501618,cm
Date + Time:,2025-02-04 18:48:16.138325,Traffic detected:,False,Train distance:,7.200187433042629,cm
Date + Time:,2025-02-04 18:48:16.138325,Traffic detected:,True,Train distance:,7.2059370377256755,cm
Date + Time:,2025-02-04 18:48:16.138325,Traffic detected:,False,Train distance:,7.145849376034448,cm
Date + Time:,2025-02-04 18:48:16.138325,Traffic detected:,False,Train distance:,8.255076901215375,cm
Date + Time:,2025-02-04 18:48:16.138325,Traffic detected:,False,Train distance:,8.249052691436418,cm
Date + Time:,2025-02-04 18:48:16.138325,Traffic detected:,True,Train distance:,8.238875030801637,cm
Date + Time:,2025-02-04 18:48:16.138325,Traffic detected:,True,Train distance:,7.256138814501354,cm
Date + Time:,2025-02-04 18:48:16.138325,Traffic detected:,False,Train distance:,7.287924691911826,cm
Date + Time:,2025-02-04 18:48:16.138325,Traffic detected:,False,Train distance:,8.241106222571602,cm
Date + Time:,2025-02-04 18:48:16.138325,Traffic detected:,False,Train distance:,8.086965318464195,cm
Date + Time:,2025-02-04 18:48:16.138325,Traffic detected:,False,Train distance:,7.269800562412229,cm
Date + Time:,2025-02-04 18:48:16.138325,Traffic detected:,False,Train distance:,7.268530500185193,cm
Date + Time:,2025-02-04 18:48:16.138325,Traffic detected:,True,Train distance:,7.271070624639265,cm
Date + Time:,2025-02-04 18:48:16.138325,Traffic detected:,True,Train distance:,7.219907720271862,cm
Date + Time:,2025-02-04 18:48:16.138325,Traffic detected:,False,Train distance:,8.017352189094595,cm
Date + Time:,2025-02-04 18:48:37.216921,Traffic detected:,False,Train distance:,7.230085380906644,cm
Date + Time:,2025-02-04 18:48:37.216921,Traffic detected:,True,Train distance:,7.126146251623709,cm
Date + Time:,2025-02-04 18:48:37.216921,Traffic detected:,True,Train distance:,7.236435690090616,cm
Date + Time:,2025-02-04 18:48:37.216921,Traffic detected:,False,Train distance:,7.262180189050013,cm
Date + Time:,2025-02-04 18:48:37.216921,Traffic detected:,False,Train distance:,8.249361624120525,cm
Date + Time:,2025-02-04 18:48:45.423692,Traffic detected:,False,Train distance:,7.249788503366175,cm
Date + Time:,2025-02-04 18:48:45.423692,Traffic detected:,False,Train distance:,7.220216654907176,cm
Date + Time:,2025-02-04 18:48:45.423692,Traffic detected:,False,Train distance:,8.160388632563695,cm
Date + Time:,2025-02-04 18:48:45.423692,Traffic detected:,True,Train distance:,8.188347160474564,cm
Date + Time:,2025-02-04 18:48:45.423692,Traffic detected:,True,Train distance:,8.1934274074315,cm
Date + Time:,2025-02-04 18:48:45.423692,Traffic detected:,False,Train distance:,8.231580756844437,cm
Date + Time:,2025-02-04 18:48:45.423692,Traffic detected:,False,Train distance:,8.227444472709522,cm
Date + Time:,2025-02-04 18:48:45.423692,Traffic detected:,False,Train distance:,8.220768066071741,cm
Date + Time:,2025-02-04 18:48:45.423692,Traffic detected:,True,Train distance:,8.228697372118063,cm
Date + Time:,2025-02-04 18:48:45.423692,Traffic detected:,True,Train distance:,8.112709817423593,cm
Date + Time:,2025-02-04 18:48:45.423692,Traffic detected:,False,Train distance:,8.214091659433961,cm
Date + Time:,2025-02-04 18:48:45.423692,Traffic detected:,False,Train distance:,8.156870217699407,cm
Date + Time:,2025-02-04 18:48:59.142026,Traffic detected:,True,Train distance:,7.23326053549863,cm
Date + Time:,2025-02-04 18:48:59.142026,Traffic detected:,False,Train distance:,7.193219254588029,cm
Date + Time:,2025-02-04 18:48:59.142026,Traffic detected:,False,Train distance:,7.240263039590218,cm
Date + Time:,2025-02-04 18:48:59.142026,Traffic detected:,False,Train distance:,8.23506484412053,cm
Date + Time:,2025-02-04 18:48:59.142026,Traffic detected:,False,Train distance:,8.225539380344571,cm
Date + Time:,2025-02-04 18:48:59.142026,Traffic detected:,True,Train distance:,8.234738746666721,cm
Date + Time:,2025-02-04 18:48:59.142026,Traffic detected:,True,Train distance:,8.235991646075263,cm
Date + Time:,2025-02-04 18:48:59.142026,Traffic detected:,False,Train distance:,8.169553673248856,cm
Date + Time:,2025-02-04 18:49:09.209056,Traffic detected:,False,Train distance:,8.221986639843294,cm
Date + Time:,2025-02-04 18:49:09.209056,Traffic detected:,False,Train distance:,8.190852955389232,cm
Date + Time:,2025-02-04 18:49:09.209056,Traffic detected:,False,Train distance:,8.254098612756366,cm
Date + Time:,2025-02-04 18:49:09.209056,Traffic detected:,False,Train distance:,8.182906486524416,cm
Date + Time:,2025-02-04 18:49:09.209056,Traffic detected:,False,Train distance:,7.276116545959212,cm
Date + Time:,2025-02-04 18:49:09.209056,Traffic detected:,False,Train distance:,7.288525394461544,cm
Date + Time:,2025-02-04 18:49:09.209056,Traffic detected:,True,Train distance:,7.3012260147806956,cm
Date + Time:,2025-02-04 18:49:09.209056,Traffic detected:,False,Train distance:,7.296162930642254,cm
Date + Time:,2025-02-04 18:49:09.209056,Traffic detected:,False,Train distance:,8.02239811236575,cm
Date + Time:,2025-02-04 18:49:09.209056,Traffic detected:,False,Train distance:,8.244555984210706,cm
Date + Time:,2025-02-04 18:49:22.378674,Traffic detected:,False,Train distance:,7.186834619767069,cm
Date + Time:,2025-02-04 18:49:22.378674,Traffic detected:,False,Train distance:,7.214140952770322,cm
Date + Time:,2025-02-04 18:49:22.378674,Traffic detected:,True,Train distance:,7.278347735777969,cm
Date + Time:,2025-02-04 18:49:22.378674,Traffic detected:,True,Train distance:,7.2659560500941325,cm
Date + Time:,2025-02-04 18:49:22.378674,Traffic detected:,False,Train distance:,8.220733740434753,cm
Date + Time:,2025-02-04 18:49:22.378674,Traffic detected:,False,Train distance:,8.284940523442401,cm
Date + Time:,2025-02-04 18:49:22.378674,Traffic detected:,False,Train distance:,8.235665548621455,cm
Date + Time:,2025-02-04 18:49:22.378674,Traffic detected:,True,Train distance:,8.224234992480547,cm
Date + Time:,2025-02-04 18:49:22.378674,Traffic detected:,True,Train distance:,8.235665550572662,cm
Date + Time:,2025-02-04 18:49:22.378674,Traffic detected:,False,Train distance:,7.319350142329085,cm
Date + Time:,2025-02-04 18:49:22.378674,Traffic detected:,False,Train distance:,8.070711957643766,cm
Date + Time:,2025-02-04 18:49:22.378674,Traffic detected:,False,Train distance:,8.055454050052049,cm
Date + Time:,2025-02-04 18:49:22.378674,Traffic detected:,False,Train distance:,7.281540053188451,cm
Date + Time:,2025-02-04 18:49:22.378674,Traffic detected:,True,Train distance:,7.101328552667837,cm
Date + Time:,2025-02-04 18:49:22.378674,Traffic detected:,False,Train distance:,7.280578925596728,cm
Date + Time:,2025-02-04 18:49:22.378674,Traffic detected:,False,Train distance:,7.251985367547944,cm
Date + Time:,2025-02-04 18:49:22.378674,Traffic detected:,False,Train distance:,8.053548955735891,cm
Date + Time:,2025-02-04 18:49:22.378674,Traffic detected:,False,Train distance:,7.17983211567548,cm
Date + Time:,2025-02-04 18:49:41.075227,Traffic detected:,False,Train distance:,7.231630050180797,cm
Date + Time:,2025-02-04 18:49:41.075227,Traffic detected:,False,Train distance:,7.151856426897325,cm
Date + Time:,2025-02-04 18:49:41.075227,Traffic detected:,True,Train distance:,7.230051055269655,cm
Date + Time:,2025-02-04 18:49:41.075227,Traffic detected:,False,Train distance:,7.249119147591272,cm
Date + Time:,2025-02-04 18:49:41.075227,Traffic detected:,False,Train distance:,7.234805204772783,cm
Date + Time:,2025-02-04 18:49:41.075227,Traffic detected:,False,Train distance:,7.253581527228789,cm
Date + Time:,2025-02-04 18:49:41.075227,Traffic detected:,False,Train distance:,7.273267486869826,cm
Date + Time:,2025-02-04 18:49:41.075227,Traffic detected:,True,Train distance:,7.2643770571341975,cm
Date + Time:,2025-02-04 18:49:41.075227,Traffic detected:,True,Train distance:,7.245308958958958,cm
Date + Time:,2025-02-04 18:49:41.075227,Traffic detected:,False,Train distance:,8.56303261392759,cm
Date + Time:,2025-02-04 18:49:41.075227,Traffic detected:,False,Train distance:,8.564319837021912,cm
Date + Time:,2025-02-04 18:49:41.075227,Traffic detected:,False,Train distance:,8.460071773103664,cm
Date + Time:,2025-02-04 18:49:41.075227,Traffic detected:,False,Train distance:,8.444796708547074,cm
Date + Time:,2025-02-04 18:49:41.075227,Traffic detected:,True,Train distance:,8.566842794755075,cm
Date + Time:,2025-02-04 18:49:41.075227,Traffic detected:,False,Train distance:,8.514409834014259,cm
Date + Time:,2025-02-04 18:49:58.764483,Traffic detected:,True,Train distance:,8.344684922910119,cm
Date + Time:,2025-02-04 18:49:58.764483,Traffic detected:,True,Train distance:,8.377122997179413,cm
Date + Time:,2025-02-04 18:49:58.764483,Traffic detected:,False,Train distance:,7.166479302399921,cm
Date + Time:,2025-02-04 18:49:58.764483,Traffic detected:,False,Train distance:,7.267552209774976,cm
Date + Time:,2025-02-04 18:49:58.764483,Traffic detected:,False,Train distance:,8.575441460478714,cm
Date + Time:,2025-02-04 18:49:58.764483,Traffic detected:,False,Train distance:,8.550967019843938,cm
Date + Time:,2025-02-04 18:49:58.764483,Traffic detected:,False,Train distance:,8.592278364932781,cm
Date + Time:,2025-02-04 18:49:58.764483,Traffic detected:,True,Train distance:,8.559857457384396,cm
Date + Time:,2025-02-04 18:49:58.764483,Traffic detected:,True,Train distance:,8.417164274187598,cm
Date + Time:,2025-02-04 18:49:58.764483,Traffic detected:,False,Train distance:,8.5782905195681,cm
Date + Time:,2025-02-04 18:49:58.764483,Traffic detected:,False,Train distance:,8.552237084022181,cm
Date + Time:,2025-02-04 18:49:58.764483,Traffic detected:,False,Train distance:,7.31459599087475,cm
Date + Time:,2025-02-04 18:49:58.764483,Traffic detected:,True,Train distance:,7.222739618493961,cm
Date + Time:,2025-02-04 18:49:58.764483,Traffic detected:,True,Train distance:,7.069233746475674,cm
Date + Time:,2025-02-04 18:49:58.764483,Traffic detected:,False,Train distance:,8.571631275748814,cm
Date + Time:,2025-02-04 18:49:58.764483,Traffic detected:,False,Train distance:,8.522047366292554,cm
Date + Time:,2025-02-04 18:49:58.764483,Traffic detected:,False,Train distance:,8.612959779753737,cm
Date + Time:,2025-02-04 18:49:58.764483,Traffic detected:,True,Train distance:,8.570052276935257,cm
Date + Time:,2025-02-04 18:49:58.764483,Traffic detected:,True,Train distance:,8.466748183643858,cm
Date + Time:,2025-02-04 18:50:34.038069,Traffic detected:,True,Train distance:,8.396191091452238,cm
Date + Time:,2025-02-04 18:50:34.038069,Traffic detected:,False,Train distance:,8.385069467995436,cm
Date + Time:,2025-02-04 18:50:34.038069,Traffic detected:,False,Train distance:,8.341835867723148,cm
Date + Time:,2025-02-04 18:50:34.038069,Traffic detected:,False,Train distance:,8.547465769749351,cm
Date + Time:,2025-02-04 18:50:34.038069,Traffic detected:,False,Train distance:,8.430517087463159,cm
Date + Time:,2025-02-04 18:50:34.038069,Traffic detected:,True,Train distance:,8.540480432378672,cm
Date + Time:,2025-02-04 18:50:34.038069,Traffic detected:,True,Train distance:,7.31936730514758,cm
Date + Time:,2025-02-04 18:50:34.038069,Traffic detected:,False,Train distance:,8.348838371814736,cm
Date + Time:,2025-02-04 18:50:34.038069,Traffic detected:,False,Train distance:,7.1820633093966535,cm
Date + Time:,2025-02-04 18:56:35.616344,Traffic detected:,True,Train distance:,7.206537742226601,cm
Date + Time:,2025-02-04 18:56:35.616344,Traffic detected:,True,Train distance:,7.268856595687794,cm
Date + Time:,2025-02-04 18:56:35.616344,Traffic detected:,False,Train distance:,7.115333560851013,cm
Date + Time:,2025-02-04 18:56:35.616344,Traffic detected:,False,Train distance:,7.2453261217774525,cm
Date + Time:,2025-02-04 18:56:35.616344,Traffic detected:,False,Train distance:,7.268839436771714,cm
Date + Time:,2025-02-04 18:56:35.616344,Traffic detected:,True,Train distance:,7.26470315068559,cm
Date + Time:,2025-02-04 18:56:35.616344,Traffic detected:,False,Train distance:,7.281231120504344,cm
Date + Time:,2025-02-04 18:56:35.616344,Traffic detected:,False,Train distance:,7.264394216050277,cm
Date + Time:,2025-02-04 18:56:35.616344,Traffic detected:,False,Train distance:,7.565999613724898,cm
Date + Time:,2025-02-04 18:56:35.616344,Traffic detected:,False,Train distance:,7.923573559579154,cm
Date + Time:,2025-02-04 18:56:35.616344,Traffic detected:,False,Train distance:,7.9178582824843025,cm
Date + Time:,2025-02-04 18:56:35.616344,Traffic detected:,False,Train distance:,8.243320247620659,cm
Date + Time:,2025-02-04 18:56:35.616344,Traffic detected:,False,Train distance:,8.242359121980144,cm
Date + Time:,2025-02-04 18:56:35.616344,Traffic detected:,False,Train distance:,8.24014509497988,cm
Date + Time:,2025-02-04 18:56:35.616344,Traffic detected:,False,Train distance:,8.24014509497988,cm
Date + Time:,2025-02-04 18:56:35.616344,Traffic detected:,False,Train distance:,8.246169306710044,cm
Date + Time:,2025-02-04 18:56:35.616344,Traffic detected:,False,Train distance:,8.250305588893752,cm
Date + Time:,2025-02-04 18:56:35.616344,Traffic detected:,False,Train distance:,8.254115773623653,cm
Date + Time:,2025-02-04 18:56:35.616344,Traffic detected:,False,Train distance:,8.259848217439412,cm
Date + Time:,2025-02-04 18:56:35.616344,Traffic detected:,False,Train distance:,8.2744710909908,cm
Date + Time:,2025-02-04 18:56:35.616344,Traffic detected:,False,Train distance:,8.263675568890221,cm
Date + Time:,2025-02-04 18:56:35.616344,Traffic detected:,False,Train distance:,8.277646247533994,cm
Date + Time:,2025-02-04 18:56:35.616344,Traffic detected:,False,Train distance:,8.228388439433957,cm
Date + Time:,2025-02-04 18:56:35.616344,Traffic detected:,False,Train distance:,8.24586037207473,cm
Date + Time:,2025-02-04 18:56:35.616344,Traffic detected:,False,Train distance:,8.269064748531264,cm
Date + Time:,2025-02-04 18:56:35.616344,Traffic detected:,False,Train distance:,8.276050089804357,cm
Date + Time:,2025-02-04 18:56:35.616344,Traffic detected:,False,Train distance:,8.246495404163852,cm
Date + Time:,2025-02-04 18:56:35.616344,Traffic detected:,False,Train distance:,8.234738748617929,cm
Date + Time:,2025-02-04 18:56:35.616344,Traffic detected:,False,Train distance:,8.247456529804367,cm
Date + Time:,2025-02-04 18:56:35.616344,Traffic detected:,False,Train distance:,8.221712028893762,cm
Date + Time:,2025-02-04 18:56:35.616344,Traffic detected:,False,Train distance:,8.240780123166587,cm
Date + Time:,2025-02-04 18:56:35.616344,Traffic detected:,True,Train distance:,8.231546429256241,cm
Date + Time:,2025-02-04 18:56:35.616344,Traffic detected:,False,Train distance:,8.242376280896224,cm
Date + Time:,2025-02-04 18:56:35.616344,Traffic detected:,False,Train distance:,8.211860469615203,cm
Date + Time:,2025-02-04 18:56:35.616344,Traffic detected:,False,Train distance:,8.226157249615198,cm
Date + Time:,2025-02-04 18:57:19.823885,Traffic detected:,False,Train distance:,8.543672747837945,cm
Date + Time:,2025-02-04 18:57:19.823885,Traffic detected:,False,Train distance:,8.572283466754016,cm
Date + Time:,2025-02-04 18:57:19.823885,Traffic detected:,False,Train distance:,8.482332182835762,cm
Date + Time:,2025-02-04 18:57:19.823885,Traffic detected:,True,Train distance:,2.9555372504462407,cm
Date + Time:,2025-02-04 18:57:19.823885,Traffic detected:,False,Train distance:,76.41094606248066,cm
Date + Time:,2025-02-04 18:57:19.823885,Traffic detected:,False,Train distance:,75.87475677968905,cm
Date + Time:,2025-02-04 18:57:19.823885,Traffic detected:,False,Train distance:,78.6761359671118,cm
Date + Time:,2025-02-04 18:57:30.606104,Traffic detected:,False,Train distance:,100.0,cm
Date + Time:,2025-02-04 18:58:16.660175,Traffic detected:,False,Train distance:,59.521627258287246,cm
Date + Time:,2025-02-04 18:58:56.767798,Traffic detected:,True,Train distance:,62.485471402640314,cm
Date + Time:,2025-02-04 18:58:56.767798,Traffic detected:,False,Train distance:,63.09891134707982,cm
Date + Time:,2025-02-04 18:58:56.767798,Traffic detected:,False,Train distance:,63.795282912429904,cm
Date + Time:,2025-02-04 18:58:56.767798,Traffic detected:,False,Train distance:,80.77340307609279,cm
Date + Time:,2025-02-04 18:58:56.767798,Traffic detected:,False,Train distance:,100.0,cm
Date + Time:,2025-02-04 18:58:56.767798,Traffic detected:,True,Train distance:,100.0,cm
Date + Time:,2025-02-04 18:58:56.767798,Traffic detected:,False,Train distance:,100.0,cm
Date + Time:,2025-02-04 18:58:56.767798,Traffic detected:,False,Train distance:,100.0,cm
Date + Time:,2025-02-04 18:58:56.767798,Traffic detected:,False,Train distance:,100.0,cm
Date + Time:,2025-02-04 18:58:56.767798,Traffic detected:,False,Train distance:,100.0,cm
Date + Time:,2025-02-04 18:58:56.767798,Traffic detected:,False,Train distance:,60.709083743331114,cm
Date + Time:,2025-02-04 18:58:56.767798,Traffic detected:,False,Train distance:,69.577961014028,cm
Date + Time:,2025-02-04 18:58:56.767798,Traffic detected:,True,Train distance:,67.8384566380023,cm
Date + Time:,2025-02-04 18:59:15.044855,Traffic detected:,False,Train distance:,57.23990938773977,cm
Date + Time:,2025-02-04 18:59:15.044855,Traffic detected:,False,Train distance:,59.69644957721562,cm
Date + Time:,2025-02-04 18:59:15.044855,Traffic detected:,True,Train distance:,61.455365307786444,cm
Date + Time:,2025-02-04 18:59:15.044855,Traffic detected:,True,Train distance:,75.61904524256782,cm
Date + Time:,2025-02-04 18:59:49.256083,Traffic detected:,True,Train distance:,57.965509537374146,cm
Date + Time:,2025-02-04 18:59:49.256083,Traffic detected:,True,Train distance:,59.27913123189364,cm
Date + Time:,2025-02-04 18:59:49.256083,Traffic detected:,False,Train distance:,57.54978735368422,cm
Date + Time:,2025-02-04 18:59:49.256083,Traffic detected:,False,Train distance:,58.1361955741188,cm
Date + Time:,2025-02-04 18:59:49.256083,Traffic detected:,False,Train distance:,58.39171832023658,cm
Date + Time:,2025-02-04 18:59:49.256083,Traffic detected:,True,Train distance:,57.95946816282549,cm
Date + Time:,2025-02-04 18:59:49.256083,Traffic detected:,True,Train distance:,58.991479353946715,cm
Date + Time:,2025-02-04 18:59:49.256083,Traffic detected:,False,Train distance:,57.67596972988076,cm
Date + Time:,2025-02-04 18:59:49.256083,Traffic detected:,False,Train distance:,58.18195213212425,cm
Date + Time:,2025-02-04 18:59:49.256083,Traffic detected:,False,Train distance:,61.533542769437865,cm
Date + Time:,2025-02-04 18:59:49.256083,Traffic detected:,True,Train distance:,84.56132866454573,cm
Date + Time:,2025-02-04 18:59:49.256083,Traffic detected:,False,Train distance:,100.0,cm
Date + Time:,2025-02-04 18:59:49.256083,Traffic detected:,False,Train distance:,100.0,cm
Date + Time:,2025-02-04 18:59:49.256083,Traffic detected:,False,Train distance:,84.60675912509737,cm
Date + Time:,2025-02-04 18:59:49.256083,Traffic detected:,False,Train distance:,80.20506749475112,cm
Date + Time:,2025-02-04 19:02:59.645208,Traffic detected:,False,Train distance:,78.25317099596896,cm
Date + Time:,2025-02-04 19:02:59.645208,Traffic detected:,False,Train distance:,79.90941765363027,cm
Date + Time:,2025-02-04 19:02:59.645208,Traffic detected:,True,Train distance:,78.8789854613226,cm
Date + Time:,2025-02-04 19:02:59.645208,Traffic detected:,True,Train distance:,100.0,cm
Date + Time:,2025-02-04 19:02:59.645208,Traffic detected:,False,Train distance:,79.68343243423692,cm
Date + Time:,2025-02-04 19:02:59.645208,Traffic detected:,False,Train distance:,100.0,cm
Date + Time:,2025-02-04 19:02:59.645208,Traffic detected:,False,Train distance:,100.0,cm
Date + Time:,2025-02-04 19:02:59.645208,Traffic detected:,False,Train distance:,80.05241977146238,cm
Date + Time:,2025-02-04 19:02:59.645208,Traffic detected:,True,Train distance:,100.0,cm
Date + Time:,2025-02-04 19:02:59.645208,Traffic detected:,False,Train distance:,100.0,cm
Date + Time:,2025-02-04 19:02:59.645208,Traffic detected:,False,Train distance:,100.0,cm
Date + Time:,2025-02-04 19:02:59.645208,Traffic detected:,False,Train distance:,100.0,cm
Date + Time:,2025-02-04 19:02:59.645208,Traffic detected:,False,Train distance:,90.6655727324578,cm
Date + Time:,2025-02-04 19:02:59.645208,Traffic detected:,True,Train distance:,80.98401025011617,cm
Date + Time:,2025-02-04 19:02:59.645208,Traffic detected:,False,Train distance:,78.56210499518897,cm
Date + Time:,2025-02-04 19:02:59.645208,Traffic detected:,False,Train distance:,77.55583830107594,cm
Date + Time:,2025-02-04 19:02:59.645208,Traffic detected:,False,Train distance:,80.51964811979201,cm
Date + Time:,2025-02-04 19:02:59.645208,Traffic detected:,True,Train distance:,79.09829427798059,cm
Date + Time:,2025-02-04 19:02:59.645208,Traffic detected:,True,Train distance:,79.97774355990555,cm
Date + Time:,2025-02-04 19:02:59.645208,Traffic detected:,False,Train distance:,80.60290583425399,cm
Date + Time:,2025-02-04 19:02:59.645208,Traffic detected:,False,Train distance:,100.0,cm
Date + Time:,2025-02-04 19:02:59.645208,Traffic detected:,False,Train distance:,100.0,cm
Date + Time:,2025-02-04 19:02:59.645208,Traffic detected:,True,Train distance:,100.0,cm
Date + Time:,2025-02-04 19:02:59.645208,Traffic detected:,True,Train distance:,100.0,cm
Date + Time:,2025-02-04 19:02:59.645208,Traffic detected:,False,Train distance:,100.0,cm
Date + Time:,2025-02-04 19:02:59.645208,Traffic detected:,False,Train distance:,100.0,cm
Date + Time:,2025-02-04 19:02:59.645208,Traffic detected:,False,Train distance:,100.0,cm
Date + Time:,2025-02-04 19:02:59.645208,Traffic detected:,False,Train distance:,81.5834451863725,cm
Date + Time:,2025-02-04 19:02:59.645208,Traffic detected:,True,Train distance:,82.50866818912141,cm
Date + Time:,2025-02-04 19:03:34.557763,Traffic detected:,True,Train distance:,80.4974048728784,cm
Date + Time:,2025-02-04 19:03:34.557763,Traffic detected:,False,Train distance:,80.33022009013074,cm
Date + Time:,2025-02-04 19:03:34.557763,Traffic detected:,False,Train distance:,81.90763709513544,cm
Date + Time:,2025-02-04 19:03:41.483573,Traffic detected:,False,Train distance:,81.76302165285279,cm
